Date,Channel_1,Channel_2,Channel_3,Channel_4,Channel_5,Channel_6,Channel_7,Channel_8,Promo_1,Promo_2
2021-01-01,643.03,134.8,1137.51,122.32,1368.24,1724.08,2241.23,1130.41,0,0
2021-01-02,427.7,158.69,1109.32,150.54,1013.27,577.21,1659.72,1817.41,0,0
2021-01-03,228.24,2950.44,1404.72,100.65,1402.91,1775.53,0.0,1233.22,0,0
2021-01-04,957.64,1689.61,1046.37,109.67,1423.75,1548.94,0.0,2094.6,0,0
2021-01-05,540.87,4865.85,1189.27,155.2,1414.7,1584.45,0.0,1866.03,0,0
2021-01-06,707.53,238.66,1113.95,128.94,1039.9,658.7,0.0,1416.96,0,0
2021-01-07,639.33,1830.51,1185.09,120.95,1133.49,2347.97,0.0,1913.7,0,0
2021-01-08,179.43,3648.34,1081.7,137.95,1494.76,1636.0,0.0,2026.92,0,0
2021-01-09,844.42,3882.24,1114.52,103.21,1157.73,742.58,0.0,2414.36,0,0
2021-01-10,877.6,1580.24,1327.72,139.56,1457.27,1201.24,0.0,1369.94,0,0
2021-01-11,565.75,1321.08,1292.29,189.78,1199.7,626.37,0.0,1764.29,0,0
2021-01-12,100.0,245.11,1054.82,162.74,1396.04,1113.18,0.0,1572.43,0,0
2021-01-13,996.16,2650.28,1485.54,186.08,1005.74,1829.73,1736.1,1805.46,0,0
2021-01-14,274.16,3208.4,1055.78,143.48,1226.86,2389.16,2202.05,1395.08,0,0
2021-01-15,505.58,901.47,1456.31,187.05,1149.22,1633.48,1561.53,1229.26,0,0
2021-01-16,764.89,2701.5,1389.31,153.04,1000.29,877.97,146.74,2393.65,0,0
2021-01-17,879.93,4160.01,1153.76,105.79,1439.0,2372.68,305.57,1728.99,0,0
2021-01-18,78.52,3805.4,1382.92,112.84,1237.64,1419.53,736.14,2308.65,0,0
2021-01-19,428.91,1066.87,1269.65,172.99,1100.58,848.12,2488.36,1974.82,0,0
2021-01-20,443.72,2592.7,1060.5,122.47,0.0,1511.94,652.28,1330.33,0,0
2021-01-21,80.28,3159.2,1114.47,190.54,0.0,270.06,671.21,2003.47,0,0
2021-01-22,222.09,670.24,1467.76,157.1,0.0,1983.09,2037.99,1285.61,0,0
2021-01-23,105.96,2160.95,1211.79,146.7,0.0,1716.07,2462.0,1147.63,0,0
2021-01-24,408.6,1703.12,1430.84,124.87,0.0,1176.67,1112.52,1417.82,0,0
2021-01-25,257.31,0.0,1221.57,186.13,0.0,221.41,2498.28,2254.04,0,0
2021-01-26,969.31,0.0,1424.35,116.63,0.0,612.99,1062.5,1087.95,0,0
2021-01-27,385.18,0.0,1132.6,178.41,0.0,1115.22,2397.56,2493.13,0,0
2021-01-28,560.21,0.0,1077.4,0.0,0.0,1490.03,1401.27,2121.96,0,0
2021-01-29,66.59,0.0,1251.43,0.0,0.0,2405.87,292.27,1278.74,0,0
2021-01-30,599.08,0.0,1117.6,0.0,1445.14,690.92,1526.85,1929.07,0,0
2021-01-31,425.03,0.0,1261.39,0.0,1102.13,1818.86,672.85,1593.68,0,0
2021-02-01,674.97,0.0,1158.09,0.0,1036.27,1199.89,2496.29,2494.14,0,1
2021-02-02,82.53,0.0,1132.6,0.0,1440.43,2210.25,986.87,1236.62,0,0
2021-02-03,835.41,0.0,1305.84,0.0,1326.99,118.78,2061.05,1449.07,0,0
2021-02-04,666.75,0.0,1067.15,0.0,1053.52,1427.74,753.64,1907.24,0,0
2021-02-05,720.44,0.0,1317.12,0.0,1244.27,2272.81,2130.65,1138.45,0,0
2021-02-06,429.34,0.0,1001.77,0.0,1318.56,728.69,1878.95,1827.52,0,0
2021-02-07,433.41,58.25,1037.62,188.31,1451.96,1409.42,2103.03,1873.76,0,0
2021-02-08,156.61,645.95,1154.13,189.9,1398.06,2165.69,2257.42,1315.11,0,0
2021-02-09,257.03,522.94,1390.06,188.41,1203.19,1589.59,470.93,2394.82,0,0
2021-02-10,865.96,4881.27,1405.39,188.14,1012.39,1867.75,897.25,2396.22,0,0
2021-02-11,804.21,4321.68,1405.37,126.68,1393.69,359.43,2193.2,2287.89,0,0
2021-02-12,230.21,0.0,1230.15,130.52,1397.67,646.23,156.79,1289.69,0,0
2021-02-13,334.98,0.0,1483.44,127.91,1320.74,1059.23,0.0,1804.32,0,0
2021-02-14,939.84,0.0,1485.2,117.86,1481.27,737.12,0.0,1651.85,0,0
2021-02-15,731.26,0.0,1303.1,151.14,1192.6,1483.81,0.0,2063.18,0,0
2021-02-16,11.67,0.0,1269.23,171.94,1370.98,1709.51,0.0,1104.96,0,0
2021-02-17,667.6,0.0,1156.96,184.8,1359.88,820.77,0.0,1612.59,0,0
2021-02-18,408.38,0.0,1063.64,142.04,1470.18,1725.56,0.0,1923.27,0,0
2021-02-19,307.94,0.0,1000.2,128.69,1214.94,1491.96,0.0,0.0,0,0
2021-02-20,447.74,0.0,1236.59,190.12,1398.01,507.26,0.0,0.0,0,0
2021-02-21,636.61,0.0,1409.21,175.11,1336.4,639.14,0.0,0.0,0,0
2021-02-22,252.39,2380.93,1424.87,107.28,1207.22,1611.44,0.0,0.0,0,0
2021-02-23,499.43,1227.48,1328.03,100.55,1375.48,1948.11,355.81,0.0,0,0
2021-02-24,184.13,4790.25,1258.98,105.02,1124.6,2136.01,1195.51,0.0,0,0
2021-02-25,670.9,4939.58,1297.73,195.0,1445.71,1570.37,1826.26,0.0,0,0
2021-02-26,832.26,2743.88,1448.6,174.37,1237.34,722.06,693.38,0.0,0,0
2021-02-27,768.16,2611.29,1313.37,127.46,1038.74,785.75,752.12,0.0,0,0
2021-02-28,544.75,700.49,1115.63,169.39,1353.21,254.15,1078.24,0.0,0,0
2021-03-01,421.62,1042.1,1210.07,190.48,1292.04,1769.26,2156.16,2148.39,0,0
2021-03-02,386.58,39.42,1175.88,175.35,1426.72,2388.23,1105.65,2121.27,0,0
2021-03-03,550.67,3020.23,1110.27,121.94,1217.92,169.66,906.71,2018.71,0,0
2021-03-04,410.27,833.57,1233.7,112.76,1311.13,164.72,1045.65,1846.59,0,0
2021-03-05,36.83,3217.32,1067.85,146.17,1025.14,1009.85,607.98,1490.27,0,0
2021-03-06,763.62,1901.84,1376.0,183.19,1126.14,296.57,146.52,1809.13,0,0
2021-03-07,999.91,1756.3,1325.07,178.12,1325.88,1910.16,2379.07,1299.04,0,0
2021-03-08,30.18,770.39,1063.11,166.95,1281.98,623.11,1778.72,2150.35,0,0
2021-03-09,176.11,3040.16,1373.96,111.45,1409.65,2415.33,359.44,1038.52,0,0
2021-03-10,318.84,3389.96,1479.09,139.67,1357.51,282.39,1757.47,1940.86,0,0
2021-03-11,110.88,3864.68,1425.15,160.04,1060.53,2461.23,1978.32,1520.81,0,0
2021-03-12,434.09,1859.15,1252.98,134.12,1424.79,2073.59,353.29,2441.18,0,0
2021-03-13,639.23,4145.25,1353.65,143.55,1366.9,2417.14,748.2,2212.3,0,0
2021-03-14,542.79,2422.65,1217.79,173.1,1134.2,2144.11,2093.75,1129.99,0,0
2021-03-15,882.81,1226.88,1232.35,161.03,1189.49,168.88,2142.29,1272.76,0,0
2021-03-16,220.0,3991.18,1170.17,188.03,1350.59,763.04,124.36,2422.09,0,0
2021-03-17,94.76,3603.17,1244.29,175.82,1345.3,1650.17,1277.97,2189.4,0,0
2021-03-18,102.12,1115.77,1345.89,130.62,1290.78,1235.83,1374.21,1638.26,0,0
2021-03-19,748.48,1660.65,1351.43,127.09,1125.7,389.57,562.2,1179.33,0,0
2021-03-20,540.51,3813.33,1092.57,121.64,1242.1,1839.0,2443.86,1786.96,0,0
2021-03-21,290.17,511.63,1097.06,122.75,1089.72,133.96,1381.92,1411.47,0,0
2021-03-22,974.55,2771.26,1348.71,112.63,1434.23,1278.11,2194.53,1861.1,0,0
2021-03-23,474.7,2207.94,1092.18,105.14,1470.53,1246.55,2073.08,1601.06,0,0
2021-03-24,83.34,3150.93,1026.8,114.92,1281.42,829.21,2485.4,1177.68,0,0
2021-03-25,766.8,3035.53,1395.37,122.57,1261.29,1181.23,1162.53,2290.25,0,0
2021-03-26,990.13,1533.85,1310.51,160.96,1370.04,2374.22,598.69,1316.54,0,0
2021-03-27,663.82,793.71,1086.91,107.51,1001.34,1181.21,1525.15,1436.89,0,0
2021-03-28,239.16,3537.71,1351.49,145.4,1343.69,2317.39,1990.79,1937.59,0,0
2021-03-29,664.57,4669.01,1212.57,154.46,1323.82,2280.19,2083.91,1107.11,0,0
2021-03-30,174.26,1544.98,1374.48,156.92,1144.31,398.45,1752.83,2049.6,0,0
2021-03-31,943.25,0.0,1246.9,108.04,1019.93,1136.87,873.57,1375.55,0,0
2021-04-01,100.41,0.0,1417.98,157.52,1475.39,2498.97,1713.48,1404.27,0,0
2021-04-02,49.83,0.0,1235.25,165.15,1458.04,535.57,0.0,1952.18,0,0
2021-04-03,496.81,0.0,1173.98,133.33,1335.07,2158.56,0.0,2040.51,0,0
2021-04-04,295.34,0.0,1406.78,155.01,1227.41,854.84,0.0,2455.28,0,0
2021-04-05,410.13,0.0,1494.06,165.77,1271.3,1091.79,0.0,1542.67,0,0
2021-04-06,758.88,0.0,1380.0,120.36,1274.61,2326.41,0.0,2047.38,0,0
2021-04-07,130.21,0.0,1304.44,123.93,1079.19,1422.01,0.0,1139.81,0,0
2021-04-08,992.33,0.0,1230.72,111.75,1416.07,1296.1,0.0,1763.31,0,0
2021-04-09,280.69,0.0,1490.12,124.37,1275.63,1020.61,0.0,1762.36,0,0
2021-04-10,880.53,4321.49,1138.12,179.0,1207.47,2342.2,0.0,2230.82,0,0
2021-04-11,290.01,1499.79,1293.47,199.89,1244.82,456.63,0.0,1517.69,0,0
2021-04-12,556.4,2721.72,1227.67,132.18,1094.33,1774.0,1472.31,1350.34,0,0
2021-04-13,777.79,227.8,1372.35,170.52,1405.7,1026.59,1692.85,2231.12,0,0
2021-04-14,981.01,2481.69,1018.51,150.23,1295.09,2187.28,2198.06,1660.46,0,0
2021-04-15,530.69,2290.07,1361.22,141.0,1327.39,470.47,1226.78,2453.81,0,0
2021-04-16,345.18,3466.6,1324.92,185.18,1426.17,2162.42,1012.02,1474.99,0,0
2021-04-17,721.53,3799.42,1436.19,103.59,1034.21,1614.79,2310.23,2496.14,0,0
2021-04-18,749.3,2175.52,1049.22,163.37,1436.29,1164.83,1765.6,2355.14,0,0
2021-04-19,55.53,3982.76,1146.68,137.48,1072.78,1374.8,1458.23,2188.78,0,0
2021-04-20,178.28,404.05,1435.42,161.97,1120.41,2290.79,443.48,1691.72,0,0
2021-04-21,261.44,1284.08,1004.7,180.46,1450.6,1726.27,479.14,1662.59,0,0
2021-04-22,352.11,2941.98,1319.47,142.43,1125.05,2128.73,578.12,1577.04,0,0
2021-04-23,488.38,1193.66,1285.96,157.48,1496.35,808.55,2447.07,1987.34,0,0
2021-04-24,281.74,2833.99,1342.9,174.47,1024.52,1555.38,1292.15,2356.23,0,0
2021-04-25,293.33,3996.31,1303.53,135.23,1318.31,1590.14,0.0,2081.39,0,0
2021-04-26,662.59,4193.3,1314.12,190.34,1323.17,841.44,0.0,1869.36,0,0
2021-04-27,735.04,459.77,1147.56,174.75,1087.82,417.18,0.0,2457.23,0,0
2021-04-28,535.54,4568.3,1415.24,125.7,1412.34,1256.43,0.0,2119.84,0,0
2021-04-29,345.33,584.7,1481.45,114.08,1483.25,2164.34,0.0,2469.91,0,0
2021-04-30,967.6,4024.89,1182.89,179.07,1006.96,1387.77,0.0,2009.24,0,0
2021-05-01,675.62,2926.95,1411.21,194.03,1054.17,661.17,0.0,2326.35,0,0
2021-05-02,565.79,4577.13,1110.68,106.32,1411.93,2282.53,0.0,1612.44,0,0
2021-05-03,148.38,4731.85,1152.18,149.26,1048.6,2229.42,0.0,1680.47,0,0
2021-05-04,673.78,3718.27,1472.99,141.91,1371.13,470.85,0.0,1148.53,0,0
2021-05-05,494.45,2046.5,1475.76,103.27,1185.26,1164.12,2381.33,2283.18,0,0
2021-05-06,108.36,3431.54,1272.23,197.78,1179.34,1055.54,555.54,1183.24,0,0
2021-05-07,849.55,2279.04,1331.38,164.17,1298.57,151.26,1988.31,1365.35,0,0
2021-05-08,134.66,2827.24,1034.31,176.52,1103.58,618.28,2187.27,1492.84,0,0
2021-05-09,156.08,4503.65,1001.42,185.84,1072.34,411.98,701.57,1261.75,0,0
2021-05-10,664.45,138.64,1007.43,179.0,1118.97,877.05,518.19,1078.6,0,0
2021-05-11,744.3,2635.17,1372.83,147.62,1389.01,1331.77,361.73,1755.76,0,0
2021-05-12,945.96,226.39,1391.61,186.7,1260.73,1199.3,2413.66,1091.24,0,0
2021-05-13,484.19,2014.07,1343.05,149.03,1454.85,276.38,293.9,1912.45,0,0
2021-05-14,75.03,1382.33,1316.54,154.84,1162.59,2487.11,1373.34,1680.57,0,0
2021-05-15,609.37,504.9,1350.89,185.28,1325.46,1945.51,1830.02,1322.53,0,0
2021-05-16,457.04,1150.18,1169.47,145.35,1207.99,328.21,1124.23,1997.66,0,0
2021-05-17,380.56,771.67,1461.49,106.71,1415.89,323.75,331.75,2108.19,0,0
2021-05-18,813.65,2786.29,1293.23,156.16,1164.82,393.36,948.64,1998.01,0,0
2021-05-19,752.78,4341.78,1360.53,196.84,1300.21,943.95,1487.0,1319.11,0,0
2021-05-20,660.17,1128.98,1054.11,184.54,1183.78,1930.25,1477.84,2210.83,0,0
2021-05-21,846.7,4872.99,1409.21,161.36,1321.35,163.01,2329.8,2244.19,0,0
2021-05-22,274.77,910.28,1351.35,130.9,1169.91,114.65,2187.67,1849.48,0,0
2021-05-23,406.78,717.95,1316.59,103.07,1373.06,616.32,1107.6,1511.34,0,0
2021-05-24,376.35,3610.76,1388.42,156.76,1042.48,226.26,477.78,1926.76,0,0
2021-05-25,677.23,1367.79,1330.97,148.57,1221.02,755.6,1911.86,1170.73,0,0
2021-05-26,435.61,1423.4,1339.24,148.66,1333.57,209.0,1048.63,1898.99,0,0
2021-05-27,17.61,1514.08,1105.62,113.72,1127.76,887.49,118.55,2120.52,0,0
2021-05-28,183.94,1907.24,1351.84,150.03,1416.68,2034.88,272.98,2292.65,0,0
2021-05-29,51.88,103.52,1460.58,186.21,1287.88,1476.16,1802.8,1626.54,0,0
2021-05-30,124.02,114.07,1162.38,180.13,1309.06,2096.86,2307.45,1132.19,0,0
2021-05-31,846.04,1224.15,1294.44,152.4,1197.88,844.66,914.83,1499.6,0,0
2021-06-01,176.45,2557.31,1057.01,151.0,1452.96,938.5,1845.71,2228.42,0,0
2021-06-02,816.89,1188.98,1073.22,119.73,1301.2,1924.52,1673.22,1265.72,0,0
2021-06-03,775.12,2475.64,1377.22,175.99,1224.45,2317.97,1454.78,1952.95,0,0
2021-06-04,628.28,4322.59,1313.61,115.1,1034.14,1161.3,826.77,1412.01,0,0
2021-06-05,65.61,2541.61,1155.2,145.19,1028.45,2096.07,284.15,2296.38,0,0
2021-06-06,856.74,3078.89,1253.53,146.27,1277.16,2000.36,2250.1,1674.6,0,0
2021-06-07,811.72,3262.67,1160.76,147.56,1075.43,248.5,348.4,2348.69,0,0
2021-06-08,350.0,3574.43,1252.27,117.26,1123.87,1150.62,1154.61,1784.12,0,0
2021-06-09,167.16,1870.53,1141.45,140.88,1169.18,1534.93,1994.14,1970.96,0,0
2021-06-10,75.25,481.58,1339.19,128.41,1361.87,1675.75,2275.22,2309.92,0,0
2021-06-11,340.03,2917.87,1070.71,134.98,1483.85,1776.35,1040.7,1892.56,0,0
2021-06-12,938.62,1554.81,1188.34,179.17,1406.59,1708.28,2089.5,2108.16,0,0
2021-06-13,688.56,2636.7,1323.01,142.34,1180.91,970.23,532.63,1321.29,0,0
2021-06-14,948.19,2436.49,1113.27,113.76,1038.58,2126.63,342.74,2156.31,0,0
2021-06-15,836.77,4419.57,1018.87,133.68,1383.15,414.52,1004.13,1243.37,0,0
2021-06-16,833.03,3857.78,1404.52,116.55,1218.84,1086.06,1723.27,1356.3,0,0
2021-06-17,449.76,1431.79,1374.27,144.89,1267.01,842.72,2040.7,1703.52,0,0
2021-06-18,836.76,1845.53,1473.57,198.44,1230.84,776.25,1016.49,1791.19,0,0
2021-06-19,966.61,4086.29,1400.63,113.84,1125.0,1638.83,2197.88,1831.81,0,0
2021-06-20,111.56,4231.0,1425.58,128.51,1381.56,754.7,2272.73,1221.02,0,0
2021-06-21,443.1,4732.6,1111.02,0.0,1174.79,164.01,227.82,1753.01,0,0
2021-06-22,243.42,4972.68,1187.46,0.0,1465.41,2114.02,1659.91,2187.07,0,0
2021-06-23,146.22,1441.53,1414.88,0.0,1069.4,1793.29,1176.64,1007.88,0,0
2021-06-24,88.43,1287.06,1417.48,0.0,1363.62,0.0,366.85,1432.15,0,0
2021-06-25,308.14,248.27,1209.91,0.0,1228.56,0.0,2272.35,1895.11,0,0
2021-06-26,26.27,2581.72,1120.97,0.0,1214.62,0.0,677.35,1624.85,0,0
2021-06-27,667.73,437.21,1487.33,0.0,1263.03,0.0,2472.0,1831.23,0,0
2021-06-28,396.55,2355.97,1317.84,0.0,1126.83,0.0,1992.45,1517.2,0,0
2021-06-29,735.61,3145.0,1385.75,0.0,1166.26,0.0,1410.43,2220.26,0,0
2021-06-30,183.34,3897.92,1232.31,0.0,1315.87,0.0,251.44,2164.29,0,0
2021-07-01,463.1,1474.28,1021.9,119.95,1020.95,0.0,1336.92,2483.68,0,0
2021-07-02,547.6,1274.04,1376.65,119.11,1178.49,0.0,2177.92,1497.89,0,0
2021-07-03,133.23,1846.42,1444.74,174.33,1447.32,0.0,2436.94,1744.3,0,0
2021-07-04,502.55,4622.31,1259.64,180.11,1363.54,289.42,1545.89,2233.51,0,0
2021-07-05,550.02,1612.85,1040.03,166.09,1153.25,1546.29,1122.68,2034.65,0,0
2021-07-06,358.03,221.35,1435.02,135.26,1499.08,758.93,2452.07,2421.86,0,0
2021-07-07,84.29,3191.19,1181.66,180.11,1339.71,2386.69,442.67,1911.36,0,0
2021-07-08,783.5,183.65,1033.62,177.85,1183.16,1018.85,1461.39,1907.64,0,0
2021-07-09,682.27,4744.63,1186.01,176.31,1286.96,1370.7,1055.28,1974.34,0,0
2021-07-10,257.12,576.11,1367.84,149.9,1193.49,1448.01,728.26,1390.43,0,0
2021-07-11,451.81,4981.86,1142.79,191.65,1245.6,394.33,2146.78,1678.06,0,0
2021-07-12,899.69,2231.1,1043.9,168.19,1422.76,867.01,933.82,1097.41,0,0
2021-07-13,546.75,4457.75,1425.68,171.18,1463.66,1630.48,2004.87,1763.13,0,0
2021-07-14,130.15,1012.89,1069.44,179.04,1013.14,1429.65,985.39,2205.49,0,0
2021-07-15,556.13,3063.62,1043.11,130.93,1499.8,1825.29,1361.67,2153.75,0,0
2021-07-16,825.11,378.02,1486.19,164.23,1224.99,1732.26,926.84,2316.94,0,0
2021-07-17,782.46,3202.57,1090.98,196.63,1216.31,2285.71,232.99,1186.24,0,0
2021-07-18,161.49,831.64,1161.33,170.93,1173.01,2358.17,2247.82,2268.9,0,0
2021-07-19,258.1,3178.93,1275.42,112.52,1151.41,1380.35,1306.18,1252.95,0,0
2021-07-20,942.19,779.43,1329.37,172.06,1302.57,2122.07,1452.68,2237.85,0,0
2021-07-21,38.09,236.85,1320.73,157.68,1325.56,1940.7,1099.81,1958.49,0,0
2021-07-22,503.06,3139.55,1144.84,195.67,1241.47,2031.25,1743.98,1446.15,0,0
2021-07-23,82.24,308.97,1219.8,148.43,1102.01,1555.98,850.2,2077.54,0,0
2021-07-24,736.86,0.0,1487.69,113.08,1185.27,1447.96,865.88,1699.71,0,0
2021-07-25,0.0,0.0,1048.41,129.02,1192.07,1576.91,695.85,2297.96,0,0
2021-07-26,0.0,0.0,1288.84,131.27,1381.56,1295.84,1335.34,1748.14,0,0
2021-07-27,0.0,0.0,1472.62,150.54,1483.34,616.35,946.95,1075.81,0,0
2021-07-28,0.0,0.0,1327.13,147.06,1268.35,2133.21,1134.23,2323.68,0,0
2021-07-29,0.0,0.0,1182.97,140.06,1285.14,567.17,1427.74,1110.3,0,0
2021-07-30,0.0,0.0,1139.86,198.91,1340.2,385.15,0.0,1590.86,0,0
2021-07-31,0.0,0.0,1469.47,175.5,1099.53,1321.89,0.0,1067.96,0,0
2021-08-01,0.0,0.0,1236.87,145.7,1303.13,1337.21,0.0,1919.6,0,1
2021-08-02,0.0,0.0,1369.66,129.92,1168.19,2087.89,0.0,2063.11,0,0
2021-08-03,0.0,4080.59,1184.18,167.38,1489.95,1500.89,0.0,2087.99,0,0
2021-08-04,691.16,142.97,1237.3,196.71,1391.45,1962.79,0.0,2082.1,0,0
2021-08-05,587.69,860.86,1314.51,161.97,1420.58,454.66,0.0,1047.36,0,0
2021-08-06,948.72,558.38,1009.47,131.37,0.0,1757.2,0.0,2162.46,0,0
2021-08-07,921.32,4365.36,1367.92,106.23,0.0,597.62,0.0,1993.34,0,0
2021-08-08,530.22,1575.63,1086.59,191.21,0.0,950.29,0.0,2081.39,0,0
2021-08-09,646.88,3469.63,1305.04,119.23,0.0,1439.41,639.68,2459.37,0,0
2021-08-10,304.64,1452.13,1103.64,170.5,0.0,937.13,2340.88,2193.11,0,0
2021-08-11,280.72,618.15,1338.31,137.97,0.0,2064.11,2391.06,2206.92,0,0
2021-08-12,297.55,1445.28,1357.07,134.64,0.0,715.47,1249.79,1303.1,0,0
2021-08-13,543.19,4665.79,1348.09,113.73,0.0,1508.39,681.9,2004.75,0,0
2021-08-14,535.73,0.0,1026.25,141.33,0.0,341.31,1949.84,1007.77,0,0
2021-08-15,554.85,0.0,1203.45,193.5,0.0,1245.88,578.69,2445.87,0,0
2021-08-16,327.96,0.0,1453.97,108.95,1287.07,1384.37,1835.48,2405.0,0,0
2021-08-17,914.1,0.0,1441.12,117.58,1459.82,2493.21,1052.79,1743.08,0,0
2021-08-18,937.24,0.0,1463.02,187.67,1004.63,1463.11,357.52,2474.49,0,0
2021-08-19,291.72,0.0,1271.65,149.39,1469.28,2142.54,1223.25,1289.22,0,0
2021-08-20,121.52,0.0,1229.46,125.73,1093.1,1867.88,1997.84,1851.67,0,0
2021-08-21,759.71,0.0,1428.07,189.7,1413.49,1336.67,308.17,2003.88,0,0
2021-08-22,192.93,0.0,1161.8,124.8,1130.39,665.25,1909.02,2431.05,0,0
2021-08-23,308.93,0.0,1005.72,165.37,1346.38,249.1,383.74,1460.21,0,0
2021-08-24,411.36,2517.58,1447.56,170.36,1155.49,381.8,2298.71,1442.56,0,0
2021-08-25,618.48,1103.45,1066.78,115.32,1373.87,1553.77,1098.03,1823.85,0,0
2021-08-26,476.12,2692.21,1332.05,121.84,1123.73,1911.37,2195.52,1122.81,0,0
2021-08-27,452.28,3521.79,1039.05,156.42,1030.88,1414.36,1313.17,1859.05,0,0
2021-08-28,158.35,1647.31,1260.17,111.62,1102.7,1499.55,318.26,1765.56,0,0
2021-08-29,810.61,2272.63,1256.62,145.68,1028.87,1209.71,2036.6,2084.92,0,0
2021-08-30,401.99,4084.1,1372.9,157.83,1022.64,926.87,253.02,2491.19,0,0
2021-08-31,935.24,354.41,1466.89,103.17,1204.43,1945.53,1937.99,2467.5,0,0
2021-09-01,649.42,2107.61,1496.43,138.25,1434.81,2276.24,1001.55,2024.1,0,0
2021-09-02,665.17,2701.11,1326.77,134.78,1089.24,1389.42,1369.22,2091.79,0,0
2021-09-03,230.46,27.33,1011.37,129.84,1336.75,1406.67,1376.64,2235.04,0,0
2021-09-04,255.04,1737.34,1137.82,193.74,1362.51,370.83,2042.75,1628.86,0,0
2021-09-05,768.39,4419.95,1007.82,120.61,1050.45,180.58,1534.68,2054.93,0,0
2021-09-06,58.19,3705.3,1201.13,123.43,1108.63,2172.95,235.47,1755.84,0,0
2021-09-07,296.37,4080.77,1365.76,131.89,1298.96,1714.08,869.6,1452.65,0,0
2021-09-08,151.83,3304.46,1110.52,130.05,1030.48,2376.45,2211.31,2367.37,0,0
2021-09-09,629.73,2141.73,1247.81,197.23,1470.79,1711.22,1985.93,1478.1,0,0
2021-09-10,422.16,754.6,1188.23,175.44,1236.76,2138.42,0.0,2061.37,0,0
2021-09-11,807.72,4574.56,1281.19,196.78,1278.64,421.82,0.0,1305.01,0,0
2021-09-12,650.24,4611.91,1423.57,109.25,1362.29,557.16,0.0,2010.51,0,0
2021-09-13,606.89,4369.37,1094.08,176.17,1362.15,1441.24,0.0,2304.21,0,0
2021-09-14,339.63,4785.53,1007.67,193.72,1481.04,381.56,0.0,1718.38,0,0
2021-09-15,250.17,3025.96,1102.26,191.51,1276.04,1961.23,0.0,1800.48,0,0
2021-09-16,365.67,1315.19,1256.41,149.73,1049.3,2455.16,0.0,2259.6,0,0
2021-09-17,915.19,1859.82,1206.97,156.25,1110.64,450.21,0.0,2402.14,0,0
2021-09-18,583.35,2093.71,1076.21,132.99,1189.92,2100.07,0.0,1981.91,0,0
2021-09-19,688.0,1294.06,1410.8,196.65,1320.85,1277.43,0.0,2192.46,0,0
2021-09-20,177.57,3604.36,1244.16,191.69,1271.07,1640.34,240.96,1050.74,0,0
2021-09-21,848.23,4726.49,1334.11,176.43,1206.2,2122.11,655.44,2060.75,0,0
2021-09-22,19.05,2533.61,1186.6,161.78,1333.38,1579.65,1259.69,1731.78,0,0
2021-09-23,16.55,2762.7,1005.93,152.94,1137.37,2445.95,141.14,2219.74,0,0
2021-09-24,677.29,4032.78,1454.89,110.7,1048.16,457.35,560.64,1789.68,0,0
2021-09-25,817.06,1343.95,1198.45,137.31,1203.01,1456.01,2476.56,1338.79,0,0
2021-09-26,687.2,4240.86,1326.87,185.82,1379.79,324.4,1010.23,1829.05,0,0
2021-09-27,65.55,57.16,1085.69,149.99,1216.95,1982.5,1458.06,2286.94,0,0
2021-09-28,104.41,2645.51,0.0,121.14,1434.06,2230.13,1241.2,1069.84,0,0
2021-09-29,83.6,4628.67,0.0,156.35,1016.45,2329.04,854.76,2442.2,0,0
2021-09-30,591.17,3763.75,0.0,139.83,1038.47,489.88,677.13,2251.98,0,0
2021-10-01,395.27,4483.66,0.0,175.56,1069.98,2472.35,1837.99,1751.19,0,0
2021-10-02,974.58,277.95,0.0,183.87,1170.3,1945.61,2391.66,1595.05,0,0
2021-10-03,775.82,157.83,0.0,199.26,1245.3,953.95,2358.74,1647.77,0,0
2021-10-04,682.9,3306.75,0.0,161.86,1399.03,1811.46,296.89,1231.33,0,0
2021-10-05,714.56,3173.17,0.0,131.67,1053.28,112.47,839.84,1539.88,0,0
2021-10-06,277.07,671.21,0.0,144.88,1277.37,1079.31,163.03,1530.87,0,0
2021-10-07,102.13,2994.24,0.0,138.52,1145.92,1030.72,303.28,2351.7,0,0
2021-10-08,906.16,4891.08,1285.98,116.96,1190.37,433.22,822.72,1739.69,0,0
2021-10-09,0.0,2179.03,1210.55,148.42,1038.46,704.08,691.82,1937.55,0,0
2021-10-10,0.0,985.79,1053.49,130.47,1474.41,897.32,1588.46,2206.11,0,0
2021-10-11,0.0,1680.33,1407.74,185.95,1487.11,426.7,869.6,2420.92,0,0
2021-10-12,0.0,1577.77,1482.29,196.87,1145.72,1767.9,1278.42,1863.82,0,0
2021-10-13,0.0,1886.52,1408.25,139.29,1056.94,0.0,1521.34,1818.44,0,0
2021-10-14,0.0,2754.99,1476.5,146.16,1354.18,0.0,799.19,2039.25,0,0
2021-10-15,0.0,3980.33,1204.57,149.93,1316.67,0.0,1680.79,2072.85,0,0
2021-10-16,0.0,379.09,1495.35,147.92,1200.4,0.0,2308.94,2037.56,0,0
2021-10-17,0.0,3955.7,1179.76,189.55,1268.45,0.0,303.96,2153.43,0,0
2021-10-18,0.0,1781.49,1323.5,104.43,1491.8,0.0,0.0,2129.02,0,0
2021-10-19,966.06,2157.97,1005.27,125.87,1255.34,0.0,0.0,1862.85,0,0
2021-10-20,451.32,1961.76,1386.17,0.0,1250.23,0.0,0.0,1156.82,0,0
2021-10-21,421.82,4809.02,1058.03,0.0,1070.84,0.0,0.0,1310.3,0,0
2021-10-22,488.1,2386.05,1219.08,0.0,1159.45,0.0,0.0,1172.63,0,0
2021-10-23,850.69,3243.37,1338.57,0.0,1491.95,685.39,0.0,1240.2,0,0
2021-10-24,564.25,4792.73,1115.93,0.0,1092.23,1637.15,0.0,1043.79,0,0
2021-10-25,617.97,994.65,1296.1,0.0,1352.37,593.88,0.0,2213.09,0,0
2021-10-26,71.94,517.74,1435.99,0.0,1162.99,1198.12,0.0,2293.95,0,0
2021-10-27,532.44,3199.15,1298.49,0.0,1293.5,935.02,0.0,1926.04,0,0
2021-10-28,815.6,3532.88,1148.72,0.0,1042.38,421.47,382.87,1458.07,0,0
2021-10-29,191.21,3470.25,1255.41,0.0,1068.93,1020.9,545.81,0.0,0,0
2021-10-30,696.5,3229.85,1499.95,155.49,1244.82,436.71,854.99,0.0,0,0
2021-10-31,63.08,1801.61,1004.79,113.65,1407.61,2413.19,1313.05,0.0,0,0
2021-11-01,687.85,2084.0,1419.95,148.87,1041.34,174.07,1926.54,0.0,0,0
2021-11-02,282.1,2692.67,1084.1,145.73,1371.26,1938.21,1419.34,0.0,0,0
2021-11-03,123.06,3877.81,1411.64,136.69,1411.31,199.87,1825.55,0.0,0,0
2021-11-04,989.88,521.06,1415.04,175.13,1148.85,2498.35,1179.36,0.0,0,0
2021-11-05,818.56,2200.96,1496.98,177.56,1118.47,2045.69,1511.02,0.0,0,0
2021-11-06,713.65,3167.53,1082.99,113.92,1103.31,596.66,242.46,0.0,0,0
2021-11-07,288.27,2698.46,1161.83,170.41,1144.67,741.62,2159.24,0.0,0,0
2021-11-08,682.51,485.17,1481.39,178.57,1459.38,2481.97,2180.91,1190.33,0,0
2021-11-09,867.42,1255.89,1355.7,182.85,1380.74,1722.96,1274.7,1866.14,0,0
2021-11-10,276.03,2076.98,1226.0,163.36,1440.06,323.43,1337.47,1417.34,0,0
2021-11-11,936.97,1851.67,1475.13,132.73,1001.24,1957.92,1858.54,2096.4,0,0
2021-11-12,463.86,3324.08,1179.11,106.33,1267.21,622.79,1131.14,1317.78,0,0
2021-11-13,275.85,4143.43,1168.88,157.79,1283.07,1264.81,0.0,2023.83,0,0
2021-11-14,57.93,506.88,1391.94,145.96,1062.12,2158.36,0.0,1001.01,0,0
2021-11-15,958.45,1019.57,1344.3,113.19,1325.0,481.55,0.0,1411.03,0,0
2021-11-16,658.04,1259.44,1185.92,190.38,1082.76,1051.22,0.0,2049.16,0,0
2021-11-17,241.8,3280.87,1351.85,100.11,1238.4,418.48,0.0,2019.97,0,0
2021-11-18,19.19,3481.03,1408.55,198.82,1211.16,417.22,0.0,1574.6,0,0
2021-11-19,733.46,521.11,1156.68,188.1,1068.56,1956.31,0.0,1199.72,0,0
2021-11-20,993.01,722.84,1265.25,100.85,1325.01,1156.24,0.0,1942.12,0,0
2021-11-21,159.86,2064.43,1343.28,186.0,1043.34,341.12,0.0,1884.36,0,0
2021-11-22,390.19,4816.61,1157.25,113.98,1138.48,302.2,0.0,1900.01,0,0
2021-11-23,611.52,3897.06,1345.24,184.79,1329.2,823.96,1342.6,1764.28,0,0
2021-11-24,750.37,1484.75,1027.28,189.79,1477.34,1287.73,370.58,1749.37,0,0
2021-11-25,597.99,2646.15,1488.85,198.69,1466.96,416.76,2165.95,1852.57,0,0
2021-11-26,371.76,3417.88,1381.36,195.45,1385.18,140.05,262.08,1393.28,1,0
2021-11-27,49.43,311.74,1394.64,150.66,1314.29,1302.52,1097.04,2052.72,0,0
2021-11-28,91.6,2687.46,1308.02,127.75,1154.95,1327.13,587.67,2212.09,0,0
2021-11-29,541.03,1959.75,1317.15,183.45,1340.53,258.68,1776.82,2094.94,0,0
2021-11-30,848.0,298.95,1043.11,143.45,1226.69,1561.2,842.3,2112.54,0,0
2021-12-01,743.25,606.02,1353.95,170.15,1081.92,0.0,1355.21,2174.48,0,0
2021-12-02,723.56,843.15,1063.47,178.11,1134.38,0.0,1951.43,1044.03,0,0
2021-12-03,809.04,1367.18,1031.94,171.23,1288.33,0.0,1192.47,1540.19,0,0
2021-12-04,504.61,2838.76,1183.84,125.51,1051.45,0.0,1834.67,1342.61,0,0
2021-12-05,513.74,229.75,1431.46,124.46,1235.88,0.0,460.2,2396.74,0,0
2021-12-06,858.91,2768.8,1456.97,174.07,1209.68,0.0,1099.02,2080.43,0,0
2021-12-07,278.55,398.66,1186.4,150.2,1450.97,0.0,2030.41,2472.12,0,0
2021-12-08,954.54,353.94,1232.55,128.23,1422.42,0.0,1427.42,1011.95,0,0
2021-12-09,208.66,2823.4,1151.95,162.27,1231.96,0.0,1284.07,2158.92,0,0
2021-12-10,203.47,4503.21,1380.24,124.51,1003.19,0.0,659.19,1519.64,0,0
2021-12-11,841.18,4387.22,1475.5,100.15,1328.65,2137.61,1845.32,1155.92,0,0
2021-12-12,534.52,1198.46,1246.01,105.99,1498.48,1807.97,323.26,2381.91,0,0
2021-12-13,898.31,2603.6,1350.42,137.25,1487.28,303.77,329.38,1200.27,0,0
2021-12-14,821.76,383.4,1283.91,143.5,1482.11,668.25,726.38,1472.51,0,0
2021-12-15,802.81,3506.62,1367.68,131.81,1135.98,279.25,586.51,2169.91,0,0
2021-12-16,588.86,785.5,1082.19,146.61,1203.26,1386.22,2415.12,1311.45,0,0
2021-12-17,315.22,1332.39,1059.96,115.76,1343.03,2083.33,1772.51,1060.49,0,0
2021-12-18,837.57,1645.69,1045.61,124.82,1177.87,1332.3,1725.24,1390.25,0,0
2021-12-19,990.77,165.1,1202.2,145.22,1374.04,699.65,1208.9,2205.85,0,0
2021-12-20,148.4,69.67,1415.19,198.26,1065.36,2076.82,993.38,1945.45,0,0
2021-12-21,648.24,2915.8,1129.41,181.27,1010.9,254.73,2265.99,1665.15,0,0
2021-12-22,137.5,4526.34,1414.68,133.15,1021.35,1206.39,503.17,1860.83,0,0
2021-12-23,823.47,1981.04,1014.74,168.32,1086.4,615.32,549.16,1419.78,0,0
2021-12-24,884.59,182.9,1309.59,124.58,1147.55,1088.78,1421.65,1091.47,0,0
2021-12-25,286.98,694.81,1099.73,188.47,1262.91,1613.81,2025.2,2192.27,0,0
2021-12-26,989.51,3911.76,1179.56,154.45,1242.34,2290.42,1305.74,1582.57,0,0
2021-12-27,188.02,1601.2,1109.51,189.58,1389.27,240.62,2479.68,1794.15,0,0
2021-12-28,769.17,4998.03,1486.99,110.01,1328.43,739.66,2059.08,2375.89,0,0
2021-12-29,65.35,4982.0,1109.71,184.65,1398.7,951.53,2114.13,2267.83,0,0
2021-12-30,184.34,2966.67,1403.11,169.76,1456.99,167.7,1781.35,2421.34,0,0
2021-12-31,567.97,2819.91,1094.12,198.8,1440.81,1281.34,841.73,1735.65,0,0
2022-01-01,99.35,1170.79,1109.4,152.64,1000.34,2302.95,583.51,1195.73,0,0
2022-01-02,719.77,4594.72,1422.14,132.36,1010.96,1507.86,2301.34,2161.55,0,0
2022-01-03,848.02,4304.74,1480.28,137.36,1470.96,1049.43,342.48,1452.65,0,0
2022-01-04,145.09,795.94,1474.35,179.18,1480.33,1658.03,518.09,2453.11,0,0
2022-01-05,696.62,4644.94,1393.5,122.32,1294.48,520.84,836.38,2032.75,0,0
2022-01-06,136.07,3646.87,1474.39,194.87,1195.8,2486.28,2416.44,1048.57,0,0
2022-01-07,606.36,4605.98,1483.77,122.09,1282.78,2348.05,437.54,2118.01,0,0
2022-01-08,245.62,4912.07,1083.94,188.53,1044.36,1801.52,1633.85,2329.98,0,0
2022-01-09,452.16,1333.41,1124.77,106.78,1128.33,359.28,103.07,1578.91,0,0
2022-01-10,735.26,4845.82,1442.28,149.31,1189.36,1410.46,343.43,1719.23,0,0
2022-01-11,865.41,3258.34,1343.58,116.27,1036.85,2129.83,807.78,1478.08,0,0
2022-01-12,952.15,380.26,1085.05,137.55,1365.99,1412.91,2255.5,1139.66,0,0
2022-01-13,598.09,3072.09,1241.37,103.1,1471.22,495.99,2235.41,1235.66,0,0
2022-01-14,110.25,1035.7,1094.99,169.72,1361.02,1851.94,736.64,1422.28,0,0
2022-01-15,245.17,257.68,1285.88,183.99,1076.79,965.99,1126.25,1441.82,0,0
2022-01-16,665.4,3005.08,1099.84,102.57,1085.42,800.35,296.65,2265.65,0,0
2022-01-17,315.27,1993.36,1244.55,166.1,1045.57,1405.9,543.71,2328.24,0,0
2022-01-18,375.71,2234.42,1131.65,146.51,1113.12,744.55,247.93,2128.35,0,0
2022-01-19,670.79,437.68,1171.9,154.14,1485.35,1515.34,1428.64,2261.2,0,0
2022-01-20,820.22,2098.97,1267.76,186.69,1237.41,2215.97,1243.03,1118.43,0,0
2022-01-21,903.75,3574.39,1251.05,190.05,1400.23,1726.08,1588.66,1180.42,0,0
2022-01-22,759.62,872.67,1492.18,197.22,1404.23,402.85,1116.1,2482.42,0,0
2022-01-23,441.04,4986.37,1313.61,183.41,1128.94,2285.93,2294.02,1100.52,0,0
2022-01-24,394.22,1992.8,1163.06,127.62,1229.08,2196.32,1987.72,1934.59,0,0
2022-01-25,527.34,2103.77,1207.22,114.82,1293.97,1920.11,2355.16,2387.39,0,0
2022-01-26,567.06,513.94,1143.05,153.56,1171.93,1086.14,1019.3,1728.38,0,0
2022-01-27,612.87,196.95,1137.71,114.39,1304.33,1764.79,193.08,2334.36,0,0
2022-01-28,338.18,1195.52,1372.87,192.08,1448.52,148.56,2061.73,1454.58,0,0
2022-01-29,287.54,2463.18,1348.09,109.82,1434.45,422.53,2438.13,1664.67,0,0
2022-01-30,827.57,1354.41,1208.39,164.56,1093.97,607.34,2077.53,2111.42,0,0
2022-01-31,761.9,4337.27,1410.51,151.53,1079.49,846.7,1316.31,1203.47,0,0
2022-02-01,852.78,4397.87,1014.47,119.28,1416.46,2108.74,698.78,1684.67,0,1
2022-02-02,918.85,3526.12,1136.99,182.35,1252.56,1624.98,397.29,1045.84,0,0
2022-02-03,378.74,2974.28,1088.79,187.05,1293.44,939.42,492.43,2341.74,0,0
2022-02-04,751.47,3447.36,1142.53,138.66,1081.45,1473.42,2415.8,2285.67,0,0
2022-02-05,650.91,3391.7,1134.54,140.95,1010.03,1972.73,1942.17,1013.35,0,0
2022-02-06,912.4,3240.38,1300.57,100.85,1126.2,2032.21,833.1,2450.54,0,0
2022-02-07,646.31,2124.8,1188.24,134.87,1126.0,1220.08,1725.27,2236.47,0,0
2022-02-08,403.18,520.54,1255.76,166.24,1421.64,998.15,1653.62,1913.58,0,0
2022-02-09,305.49,549.44,1031.92,198.84,1320.3,2167.58,726.75,2066.64,0,0
2022-02-10,893.45,1500.97,1074.96,176.55,1449.84,2033.03,2025.67,1900.05,0,0
2022-02-11,663.93,3406.97,1360.64,165.54,1498.73,722.62,1104.56,1582.41,0,0
2022-02-12,44.97,3543.26,1286.02,118.99,1363.27,633.67,1383.12,2177.35,0,0
2022-02-13,907.46,3362.62,1253.66,184.54,1420.32,2203.59,534.73,1146.4,0,0
2022-02-14,136.66,1300.67,1404.17,176.29,1091.53,1731.31,905.52,1133.95,0,0
2022-02-15,361.73,3723.61,1153.54,178.81,1165.66,725.34,805.72,2276.82,0,0
2022-02-16,475.83,4333.3,1291.79,194.43,1035.61,2234.62,1301.15,2301.25,0,0
2022-02-17,387.85,1498.8,1027.03,185.42,1068.68,580.71,1082.06,1854.11,0,0
2022-02-18,907.55,2293.28,1158.19,171.57,1389.47,1270.19,1614.48,1265.24,0,0
2022-02-19,638.15,33.52,1136.76,176.12,1084.3,0.0,1274.99,2145.35,0,0
2022-02-20,97.16,3076.25,1316.74,140.34,1482.66,0.0,190.54,1299.12,0,0
2022-02-21,379.37,80.24,1161.11,183.32,1095.29,0.0,1604.05,1373.23,0,0
2022-02-22,696.59,1728.31,1064.47,138.36,1294.34,0.0,2077.23,1447.3,0,0
2022-02-23,297.92,3641.88,1298.18,133.78,1443.99,0.0,922.56,2352.08,0,0
2022-02-24,365.66,950.25,1474.04,191.82,1201.7,0.0,1845.21,1196.81,0,0
2022-02-25,736.74,2952.57,1084.49,136.66,1325.27,0.0,2203.71,1383.68,0,0
2022-02-26,539.39,252.45,1497.34,166.2,1326.78,0.0,1755.4,1625.16,0,0
2022-02-27,386.45,2740.94,1237.2,115.31,1347.6,0.0,822.68,1992.5,0,0
2022-02-28,665.86,1357.19,1302.82,113.72,1415.33,0.0,1825.04,1176.6,0,0
2022-03-01,122.87,540.26,1099.32,119.97,1131.5,1355.55,584.02,2055.16,0,0
2022-03-02,302.4,206.63,1248.18,120.77,1466.56,893.45,106.57,2007.45,0,0
2022-03-03,907.81,4177.81,1334.51,114.91,1045.04,1328.09,1836.55,1151.94,0,0
2022-03-04,263.33,1163.49,1494.33,129.6,1232.14,339.54,519.28,1059.17,0,0
2022-03-05,297.66,4009.96,1156.35,173.85,1047.5,1919.69,210.13,2278.0,0,0
2022-03-06,666.72,860.86,1178.76,143.77,1310.9,2208.34,323.08,2222.45,0,0
2022-03-07,191.04,2009.88,1481.15,127.18,1192.86,2141.61,2019.76,1973.27,0,0
2022-03-08,798.94,574.15,1348.08,105.86,1471.23,482.55,1098.47,1886.13,0,0
2022-03-09,804.24,3395.18,1090.63,137.98,1179.3,169.16,1742.71,2257.8,0,0
2022-03-10,973.71,661.97,1460.2,111.29,1205.64,210.33,727.87,1471.36,0,0
2022-03-11,707.52,3392.87,1383.76,157.66,1282.51,2446.95,1707.63,1507.45,0,0
2022-03-12,527.87,3505.9,1047.62,166.17,1124.29,929.8,1723.11,1577.31,0,0
2022-03-13,840.64,2796.14,1493.9,105.46,1321.7,476.63,2137.23,2277.81,0,0
2022-03-14,870.72,383.58,1245.82,124.09,1485.07,220.84,634.5,1964.98,0,0
2022-03-15,409.24,1182.65,1229.55,180.13,1224.05,2155.81,1172.96,1178.06,0,0
2022-03-16,502.4,3270.33,1051.32,141.23,1278.57,100.41,318.15,1906.3,0,0
2022-03-17,622.88,1529.94,1254.17,120.69,1335.74,2380.85,972.02,1081.41,0,0
2022-03-18,230.69,2277.76,1280.08,161.98,1236.57,1677.2,1818.19,1171.04,0,0
2022-03-19,761.73,1116.52,1170.68,182.99,1482.22,800.76,1352.76,2053.14,0,0
2022-03-20,55.32,829.14,1070.22,171.69,1360.78,356.71,1566.04,1281.32,0,0
2022-03-21,930.91,1970.55,1228.52,178.14,1358.39,358.64,1094.73,2389.94,0,0
2022-03-22,839.09,2948.17,1386.07,145.05,1329.23,2394.86,423.13,1748.24,0,0
2022-03-23,535.06,252.37,1467.65,183.88,1241.47,1320.0,2310.79,1265.8,0,0
2022-03-24,582.77,3655.17,1064.19,138.74,1300.27,2218.47,1309.86,1576.99,0,0
2022-03-25,979.71,4580.39,1381.19,127.36,1481.8,2429.18,1186.83,1200.06,0,0
2022-03-26,418.62,3503.07,1374.21,129.89,1350.75,2165.7,1808.5,2403.27,0,0
2022-03-27,636.26,1012.44,1312.08,129.06,1172.65,1713.7,2455.21,1975.13,0,0
2022-03-28,958.74,2524.43,1347.16,132.24,1057.7,945.37,1252.89,1855.96,0,0
2022-03-29,670.49,2093.21,1373.93,184.14,1142.96,2133.52,2039.93,1784.09,0,0
2022-03-30,35.02,735.18,1335.13,119.99,1375.09,486.24,787.88,1375.84,0,0
2022-03-31,840.99,3456.07,1147.57,175.36,1016.15,2053.66,345.95,2302.05,0,0
2022-04-01,742.1,4325.56,1371.21,156.13,1118.8,1982.34,2017.17,1431.46,0,0
2022-04-02,667.85,4633.16,1193.78,195.67,1487.91,850.37,1425.1,1019.45,0,0
2022-04-03,258.83,3106.6,1390.46,187.01,1414.99,2287.57,1791.11,1971.45,0,0
2022-04-04,757.56,2737.61,1301.69,177.61,1482.14,806.03,525.82,2023.99,0,0
2022-04-05,195.11,877.24,1256.92,137.72,1214.25,1435.84,412.16,0.0,0,0
2022-04-06,262.47,1659.51,1354.84,115.48,1076.85,874.31,222.05,0.0,0,0
2022-04-07,619.45,3312.83,1245.28,157.27,1179.04,1981.68,862.86,0.0,0,0
2022-04-08,192.03,350.2,1252.57,141.59,1268.52,320.67,630.88,0.0,0,0
2022-04-09,338.56,1810.38,1109.22,175.27,1265.25,2491.91,2076.85,0.0,0,0
2022-04-10,18.72,3348.0,1222.83,190.45,1306.85,1590.72,2401.35,0.0,0,0
2022-04-11,327.73,4580.5,1472.49,138.59,1270.12,778.79,2287.21,0.0,0,0
2022-04-12,381.21,4016.06,1222.78,104.39,1449.14,562.03,1333.35,0.0,0,0
2022-04-13,175.72,4781.82,1268.99,100.73,1032.74,1708.8,1956.6,0.0,0,0
2022-04-14,429.97,528.59,1268.88,170.27,1488.11,1960.5,1651.75,0.0,0,0
2022-04-15,749.42,777.24,1229.61,133.17,1043.76,230.24,2006.12,0.0,0,0
2022-04-16,579.21,1145.95,1129.32,138.8,1315.11,1139.26,140.54,0.0,0,0
2022-04-17,539.49,3210.7,1309.17,175.6,1292.8,1782.12,274.21,0.0,0,0
2022-04-18,115.07,3936.59,1150.68,108.65,1382.64,1150.42,1048.27,0.0,0,0
2022-04-19,479.25,2672.0,1068.19,139.1,1398.74,1409.74,2404.32,0.0,0,0
2022-04-20,680.52,4571.7,1397.51,172.93,1186.57,2378.72,1428.46,1832.6,0,0
2022-04-21,132.0,35.1,1298.33,153.72,1473.49,831.26,1895.91,2355.32,0,0
2022-04-22,350.41,2069.15,1322.97,151.26,1080.48,629.89,2103.4,1291.49,0,0
2022-04-23,189.54,4000.3,1426.13,185.14,1466.18,2486.35,1207.04,1824.5,0,0
2022-04-24,297.75,346.14,1049.1,172.56,1243.6,894.04,407.72,1983.21,0,0
2022-04-25,109.04,3101.38,1450.06,131.78,1225.32,1579.22,833.62,1876.25,0,0
2022-04-26,569.9,1828.82,1158.17,142.83,1002.42,690.82,631.66,2109.72,0,0
2022-04-27,441.76,4202.15,1067.15,173.3,1438.94,1210.84,960.98,1458.21,0,0
2022-04-28,556.16,887.09,1303.31,184.18,1429.36,436.0,1392.68,1394.85,0,0
2022-04-29,887.47,391.55,1037.7,101.86,1253.59,174.87,1496.54,1607.7,0,0
2022-04-30,594.14,4532.45,1275.8,154.35,1499.36,1233.05,1960.47,1548.73,0,0
2022-05-01,231.07,3863.0,1366.61,129.1,1232.35,1324.99,1052.28,1753.25,0,0
2022-05-02,666.05,4241.43,1403.27,161.4,1082.92,1333.93,1170.93,1268.72,0,0
2022-05-03,949.22,3300.47,1483.87,173.59,1241.75,961.11,625.17,1731.46,0,0
2022-05-04,72.23,1853.48,1021.4,120.68,1453.86,967.0,1227.22,1681.97,0,0
2022-05-05,55.97,4903.14,1162.04,170.37,1260.69,2091.15,2103.69,1394.97,0,0
2022-05-06,548.91,877.51,1326.84,136.53,1326.67,2105.13,1339.99,1564.49,0,0
2022-05-07,908.17,2586.7,1176.45,186.77,1243.43,1257.06,1550.11,1752.76,0,0
2022-05-08,147.58,836.37,1038.54,164.35,1105.76,548.57,969.34,2075.95,0,0
2022-05-09,127.15,1159.43,1405.59,172.03,1240.76,1249.16,605.69,1241.87,0,0
2022-05-10,835.03,122.01,1021.57,157.35,1080.56,1610.9,194.06,1858.4,0,0
2022-05-11,65.35,1298.72,1090.02,195.82,1299.68,1452.65,144.69,2079.32,0,0
2022-05-12,665.13,1424.44,1042.87,144.92,1496.39,2181.53,509.36,2245.55,0,0
2022-05-13,604.83,3975.13,1410.23,118.19,1329.82,734.85,1838.05,1514.01,0,0
2022-05-14,458.94,2957.07,1114.91,138.55,1054.29,585.64,2163.02,1756.54,0,0
2022-05-15,425.6,756.31,1048.15,147.59,1307.37,193.69,0.0,1754.99,0,0
2022-05-16,126.34,2416.38,1065.16,160.35,1413.76,2252.73,0.0,1973.85,0,0
2022-05-17,526.82,1858.18,1021.72,152.98,1114.74,2025.52,0.0,1571.85,0,0
2022-05-18,593.16,3709.56,1380.77,169.67,1048.86,421.32,0.0,1348.77,0,0
2022-05-19,860.46,1423.5,1438.38,140.86,1094.51,1801.96,0.0,1866.98,0,0
2022-05-20,126.65,45.9,1327.27,168.78,1157.95,969.45,0.0,1977.36,0,0
2022-05-21,261.1,4276.33,1211.78,136.56,1137.78,1733.45,0.0,1619.84,0,0
2022-05-22,785.95,2417.51,1185.11,155.49,1126.89,835.97,0.0,2058.24,0,0
2022-05-23,738.42,4276.44,1329.64,174.78,1223.3,1778.35,0.0,1321.69,0,0
2022-05-24,406.56,1698.8,0.0,169.71,1353.39,485.77,0.0,1007.94,0,0
2022-05-25,100.18,735.19,0.0,143.54,1032.04,632.25,292.1,1056.63,0,0
2022-05-26,390.48,4922.4,0.0,152.1,1355.8,1533.93,2369.72,2230.34,0,0
2022-05-27,643.89,2200.47,0.0,165.69,1401.95,786.42,180.66,1899.27,0,0
2022-05-28,520.66,1166.04,0.0,103.61,1119.63,100.69,477.87,2495.23,0,0
2022-05-29,781.88,1772.11,0.0,158.61,1258.87,1868.62,264.68,1135.25,0,0
2022-05-30,291.65,4150.53,0.0,134.81,1481.64,763.62,1555.27,1291.79,0,0
2022-05-31,930.42,2878.78,0.0,140.71,1053.23,273.73,806.2,2420.52,0,0
2022-06-01,804.91,4783.98,0.0,181.31,1287.45,1766.06,2418.53,1844.75,0,0
2022-06-02,772.27,3789.79,0.0,145.88,1230.36,1508.38,165.64,1174.4,0,0
2022-06-03,76.88,3171.97,1497.1,167.69,1114.97,857.75,2393.07,1774.76,0,0
2022-06-04,19.63,4162.56,1124.13,109.3,1336.85,2070.58,282.47,2397.09,0,0
2022-06-05,481.79,1774.15,1447.16,126.91,1473.56,1739.46,2283.83,1748.5,0,0
2022-06-06,207.67,3679.79,1436.37,120.68,1101.38,699.27,1584.63,1233.99,0,0
2022-06-07,115.62,4601.74,1337.91,166.34,1306.91,1934.19,1399.54,1063.39,0,0
2022-06-08,487.47,3107.13,1246.17,198.54,1448.5,2185.05,1277.93,2476.59,0,0
2022-06-09,916.85,1408.53,1111.05,157.67,1027.07,2018.25,1247.97,1811.15,0,0
2022-06-10,507.45,1974.65,1343.17,117.48,1488.25,1775.79,1204.17,2033.82,0,0
2022-06-11,21.7,1061.65,1290.5,132.54,1306.39,723.28,1416.55,1355.71,0,0
2022-06-12,476.63,3069.29,1182.96,149.88,1105.27,1781.71,993.54,2281.49,0,0
2022-06-13,286.83,907.65,1065.57,157.59,1114.28,339.69,747.88,1353.71,0,0
2022-06-14,437.9,1910.61,1072.92,195.91,1074.77,2033.6,523.86,1749.4,0,0
2022-06-15,995.61,4248.46,1258.5,172.06,1392.67,820.08,1449.13,1851.75,0,0
2022-06-16,404.42,3455.81,1030.02,181.38,1238.27,1611.67,1179.65,1501.98,0,0
2022-06-17,367.35,2806.15,1465.92,125.77,1009.92,390.97,2181.68,2444.67,0,0
2022-06-18,206.97,2883.71,1324.57,117.45,1390.15,952.26,1715.66,1731.24,0,0
2022-06-19,739.16,4449.27,1190.54,128.65,1315.86,447.64,502.18,2211.58,0,0
2022-06-20,344.01,3160.05,1285.82,184.89,1035.67,488.8,647.72,1475.32,0,0
2022-06-21,298.44,1344.69,1322.32,127.12,1222.45,2170.74,971.6,1880.38,0,0
2022-06-22,965.87,2075.81,1091.94,102.31,1363.89,1688.85,2357.05,2051.05,0,0
2022-06-23,89.26,842.88,1051.5,106.38,1439.35,1416.24,163.28,1595.52,0,0
2022-06-24,767.35,425.42,1131.23,115.53,1327.42,2225.13,842.49,1371.09,0,0
2022-06-25,291.33,3136.14,1065.64,183.85,1014.29,1692.52,2164.89,1487.8,0,0
2022-06-26,481.39,4875.16,1270.29,127.24,1222.42,2426.9,1774.29,1265.55,0,0
2022-06-27,601.61,3158.93,1317.93,156.4,1261.73,1634.87,843.19,1520.75,0,0
2022-06-28,544.27,4025.49,1220.93,136.58,1129.9,828.57,100.22,2223.07,0,0
2022-06-29,849.47,1725.99,1234.6,100.83,1461.04,2372.7,1244.96,1013.7,0,0
2022-06-30,436.13,1471.68,1115.61,100.72,1186.82,1088.17,1445.33,1592.13,0,0
2022-07-01,171.64,3688.22,1194.86,137.84,1131.49,1113.37,674.95,2146.81,0,0
2022-07-02,910.85,4039.8,1342.32,128.47,1371.46,2041.14,0.0,2280.22,0,0
2022-07-03,190.58,1455.08,1318.45,0.0,1136.07,1594.61,0.0,1029.09,0,0
2022-07-04,59.14,2679.5,1092.97,0.0,1134.6,1816.47,0.0,1349.22,0,0
2022-07-05,159.18,2472.96,1170.96,0.0,1399.73,2495.11,0.0,2187.14,0,0
2022-07-06,336.95,4219.3,1475.82,0.0,1387.83,271.32,0.0,1288.29,0,0
2022-07-07,843.12,4088.08,1414.13,0.0,1384.07,697.51,0.0,1664.44,0,0
2022-07-08,740.24,177.22,1230.42,0.0,1260.57,2457.08,0.0,2022.16,0,0
2022-07-09,318.99,1622.09,1314.58,0.0,1468.71,1350.22,0.0,1957.78,0,0
2022-07-10,206.74,4438.72,1431.83,0.0,1056.46,1618.98,0.0,1251.04,0,0
2022-07-11,283.34,607.05,1394.57,0.0,1021.0,1980.34,0.0,1894.32,0,0
2022-07-12,377.68,456.5,1078.85,0.0,1309.32,2334.04,2492.74,1937.7,0,0
2022-07-13,69.18,3226.43,1350.66,179.15,1062.91,658.42,2456.02,2182.84,0,0
2022-07-14,759.13,4029.57,1219.36,119.3,1344.62,959.6,423.36,2347.99,0,0
2022-07-15,490.45,2193.13,1147.36,169.7,1094.89,547.9,934.4,2098.6,0,0
2022-07-16,282.57,4158.43,1457.24,155.45,1034.44,472.06,809.61,1395.02,0,0
2022-07-17,373.44,13.59,1319.01,137.9,1092.77,144.93,2156.39,2164.02,0,0
2022-07-18,246.4,3607.81,1329.14,153.9,1193.75,1357.77,1294.12,1827.2,0,0
2022-07-19,616.91,1619.77,1320.45,111.05,1261.6,260.03,2104.46,1194.66,0,0
2022-07-20,874.76,1018.37,1242.69,109.88,1285.51,2107.12,1679.01,1788.73,0,0
2022-07-21,704.3,1287.13,1183.18,160.6,1035.44,2332.51,600.97,1737.11,0,0
2022-07-22,890.87,408.98,1400.51,106.07,1279.01,2351.79,1098.29,1553.6,0,0
2022-07-23,711.35,4119.98,1132.91,104.07,1035.19,829.37,2367.05,2440.88,0,0
2022-07-24,106.15,3628.61,1265.83,118.95,1263.1,697.03,1600.78,1268.35,0,0
2022-07-25,751.7,2081.77,1052.76,163.86,1178.98,1200.93,1696.58,2324.24,0,0
2022-07-26,175.14,910.18,1200.78,133.75,1079.09,2496.24,1163.23,1528.49,0,0
2022-07-27,322.0,4957.4,1162.33,137.17,1382.09,1133.41,1842.08,1912.62,0,0
2022-07-28,567.51,1077.5,1382.85,192.61,1127.04,2407.96,1174.0,1595.64,0,0
2022-07-29,729.05,4914.95,1297.88,151.76,1496.71,824.42,820.8,1332.83,0,0
2022-07-30,857.16,118.29,1410.97,168.97,1137.98,1428.79,1435.18,2388.88,0,0
2022-07-31,163.17,198.3,1177.83,113.84,1183.54,1497.17,659.19,2216.61,0,0
2022-08-01,100.99,2004.99,1458.94,173.43,1361.79,2002.97,514.97,2238.56,0,1
2022-08-02,692.7,2885.4,1453.83,159.52,1150.2,1853.89,1483.08,1117.72,0,0
2022-08-03,65.36,3856.8,1173.97,181.71,1208.26,2182.79,2187.49,1340.08,0,0
2022-08-04,656.25,3015.49,1005.72,177.74,1191.24,831.48,198.84,1809.89,0,0
2022-08-05,158.08,2516.98,1110.4,105.05,1365.79,1042.92,1169.48,1892.7,0,0
2022-08-06,509.68,1118.21,1144.89,139.43,1066.09,298.11,1471.46,1073.97,0,0
2022-08-07,405.2,434.54,1250.91,177.38,1065.19,423.69,1442.31,1731.79,0,0
2022-08-08,655.73,988.54,1308.0,173.57,1123.12,271.95,1964.25,1485.12,0,0
2022-08-09,924.9,457.08,1335.87,142.35,1174.15,869.77,1525.31,1036.31,0,0
2022-08-10,311.77,4938.38,1308.11,199.02,1221.11,449.96,207.71,2227.26,0,0
2022-08-11,207.69,1875.37,1378.87,185.28,1056.19,230.89,2377.46,0.0,0,0
2022-08-12,870.06,4102.47,1006.87,169.38,1055.64,1180.15,154.6,0.0,0,0
2022-08-13,542.63,1026.97,1261.63,125.87,1241.51,1851.82,439.23,0.0,0,0
2022-08-14,28.2,2919.19,1331.76,104.35,1085.16,781.63,1994.05,0.0,0,0
2022-08-15,62.55,3277.24,1004.17,138.86,1135.66,2145.0,1684.24,0.0,0,0
2022-08-16,28.89,4338.38,1324.71,123.12,1190.35,2443.87,339.05,0.0,0,0
2022-08-17,868.11,2662.49,1093.21,150.07,1228.99,2323.24,151.57,0.0,0,0
2022-08-18,534.12,1674.51,1196.7,115.7,1173.39,944.59,1600.55,0.0,0,0
2022-08-19,978.46,2511.24,1405.95,162.58,1439.34,2236.97,2055.66,0.0,0,0
2022-08-20,559.39,1408.17,1075.85,189.72,1328.47,310.71,1017.3,0.0,0,0
2022-08-21,616.32,3131.37,1113.71,124.04,1076.37,2429.29,2283.36,1493.93,0,0
2022-08-22,546.81,1041.72,1069.29,154.14,1400.05,2170.21,841.6,2057.7,0,0
2022-08-23,528.57,684.91,1497.84,197.58,1072.58,2339.27,2301.07,1476.24,0,0
2022-08-24,561.77,4743.52,1059.19,131.76,1439.82,1844.99,1937.04,2320.2,0,0
2022-08-25,419.9,2062.15,1221.5,193.38,1447.07,2339.8,757.11,2168.66,0,0
2022-08-26,115.7,931.89,1381.22,161.2,1133.43,1460.9,654.19,1348.27,0,0
2022-08-27,690.5,1802.71,1344.07,147.66,1251.16,1551.31,1808.85,1560.94,0,0
2022-08-28,853.61,2462.31,1068.76,119.33,1016.11,1934.89,136.03,1404.79,0,0
2022-08-29,418.91,3714.41,1494.12,175.78,1033.07,2325.05,2465.51,2300.69,0,0
2022-08-30,495.04,1631.23,1228.77,124.68,1202.43,200.38,1864.8,1570.56,0,0
2022-08-31,319.77,3061.41,1371.23,159.38,1262.62,2201.88,0.0,1780.97,0,0
2022-09-01,457.09,4136.78,1021.21,199.58,1259.35,1049.47,0.0,1836.55,0,0
2022-09-02,520.97,3156.94,1024.65,129.12,1199.02,830.93,0.0,1692.02,0,0
2022-09-03,428.24,3069.54,1027.27,151.7,1071.12,2091.74,0.0,2083.97,0,0
2022-09-04,122.04,3895.87,1468.92,169.61,1067.65,1092.54,0.0,1268.32,0,0
2022-09-05,594.41,3566.05,1100.97,145.47,1125.04,1760.12,0.0,2194.73,0,0
2022-09-06,721.19,626.49,1057.08,144.94,1181.47,1357.16,0.0,2186.6,0,0
2022-09-07,516.55,4749.27,1189.34,138.06,1384.13,2289.41,0.0,1989.3,0,0
2022-09-08,158.59,4345.4,1089.43,171.2,1209.79,842.84,0.0,1669.39,0,0
2022-09-09,630.19,596.59,1065.79,120.29,1311.28,707.47,0.0,2283.12,0,0
2022-09-10,548.07,38.7,1441.35,123.79,1294.43,1241.71,1084.36,1119.11,0,0
2022-09-11,604.1,1231.12,1273.67,161.98,1278.77,2080.61,217.41,1222.38,0,0
2022-09-12,656.74,193.24,1426.91,166.7,1419.01,816.26,2308.92,1073.55,0,0
2022-09-13,422.79,899.46,1336.05,161.11,1345.76,1527.93,1989.54,1266.13,0,0
2022-09-14,460.78,2899.04,1465.74,109.31,1149.65,984.57,1009.45,1101.5,0,0
2022-09-15,433.05,2756.85,1146.42,113.45,1347.31,758.6,1364.93,1786.97,0,0
2022-09-16,698.87,3064.15,1054.65,172.97,1314.49,2469.25,1260.79,2032.98,0,0
2022-09-17,934.55,4931.53,1143.59,160.88,1158.24,1360.94,2488.06,1530.78,0,0
2022-09-18,138.42,2817.55,1259.85,163.19,1246.25,531.78,1562.57,2062.88,0,0
2022-09-19,979.47,17.89,1011.99,162.55,1058.96,2135.37,2018.95,2498.48,0,0
2022-09-20,419.9,1675.62,1280.21,163.75,1005.65,582.85,775.9,2185.29,0,0
2022-09-21,314.69,2538.38,1161.96,100.61,1342.92,919.27,1838.55,1923.99,0,0
2022-09-22,38.83,886.39,1165.26,133.79,1336.24,0.0,2013.41,1968.48,0,0
2022-09-23,486.68,3139.73,1446.03,153.7,1167.55,0.0,1093.49,2113.88,0,0
2022-09-24,836.75,1503.73,1362.48,131.55,1267.94,0.0,1745.18,2199.3,0,0
2022-09-25,889.15,1774.44,1484.81,128.05,1015.59,0.0,1603.63,2263.61,0,0
2022-09-26,575.27,1953.94,1297.6,186.46,1375.77,0.0,854.8,1047.44,0,0
2022-09-27,419.73,2490.3,1118.82,145.19,1475.36,0.0,825.56,1168.35,0,0
2022-09-28,787.09,3891.17,1456.68,144.38,1012.47,0.0,1300.13,1285.32,0,0
2022-09-29,924.4,3664.88,1261.81,177.55,1071.65,0.0,2073.13,2407.04,0,0
2022-09-30,679.95,672.26,1362.29,145.94,1356.84,0.0,109.86,2398.51,0,0
2022-10-01,690.18,2975.5,1043.54,146.69,1023.07,0.0,1681.56,1468.72,0,0
2022-10-02,581.78,1567.59,1446.07,132.09,1096.27,763.96,865.96,1661.67,0,0
2022-10-03,126.47,755.11,1136.82,101.53,1311.47,1333.75,595.79,1525.48,0,0
2022-10-04,325.3,716.37,1352.18,128.33,1122.41,270.98,1571.83,1508.11,0,0
2022-10-05,449.21,659.07,1235.37,167.55,1052.96,229.12,1123.52,1268.47,0,0
2022-10-06,600.16,2967.85,1418.09,169.94,1308.16,849.86,2061.86,2069.35,0,0
2022-10-07,674.16,2672.09,1486.84,175.57,1232.85,416.31,2050.84,2379.53,0,0
2022-10-08,473.59,2283.37,1342.24,171.02,1232.7,656.07,637.11,2291.64,0,0
2022-10-09,620.77,4565.18,1196.04,169.96,1332.59,1993.07,2217.77,1679.92,0,0
2022-10-10,39.96,2381.92,1175.72,146.12,1085.4,1943.06,1550.66,1191.09,0,0
2022-10-11,111.9,4089.59,1398.38,132.59,1324.73,2001.83,1378.59,1601.22,0,0
2022-10-12,419.31,3108.17,1273.97,197.39,1191.91,917.71,2053.4,1886.46,0,0
2022-10-13,786.47,2182.42,1393.66,154.45,1118.08,1690.27,286.95,2396.29,0,0
2022-10-14,578.45,2438.29,1296.08,146.29,1277.54,2072.86,522.82,2433.83,0,0
2022-10-15,78.91,552.64,1407.03,177.13,1189.46,1286.31,1684.4,1135.8,0,0
2022-10-16,818.86,4437.44,1451.63,163.61,1000.09,452.14,458.12,1796.88,0,0
2022-10-17,396.08,2893.88,1097.83,168.15,1158.3,1468.66,2291.69,1456.83,0,0
2022-10-18,943.9,2179.29,1491.29,134.43,1044.64,119.49,2467.41,1606.3,0,0
2022-10-19,136.28,1477.98,1184.61,154.89,1026.56,1788.05,2069.81,1538.87,0,0
2022-10-20,862.64,4329.74,1117.62,170.22,1197.13,863.51,1018.7,1572.35,0,0
2022-10-21,549.67,3315.81,1237.44,118.82,1192.3,2318.76,2115.91,1231.4,0,0
2022-10-22,997.48,3353.63,1067.14,107.17,1007.85,1831.21,1268.08,1655.1,0,0
2022-10-23,990.32,432.47,1321.12,141.59,1228.01,1993.43,1550.63,1638.56,0,0
2022-10-24,188.0,2551.98,1276.03,145.0,1177.65,545.9,1550.98,1866.91,0,0
2022-10-25,848.34,1191.38,1250.86,141.08,1273.08,980.73,2447.76,1852.22,0,0
2022-10-26,707.83,574.69,1240.77,169.05,1071.04,1855.1,2460.59,2475.5,0,0
2022-10-27,781.08,2330.03,1039.12,188.99,1044.22,1233.88,1880.05,2440.62,0,0
2022-10-28,87.3,3172.1,1399.05,131.25,1026.39,924.51,1968.47,1703.3,0,0
2022-10-29,517.54,2351.47,1366.91,142.1,1480.29,2015.74,794.1,1052.99,0,0
2022-10-30,923.64,3749.63,1363.49,156.37,1030.71,1235.59,505.79,1077.43,0,0
2022-10-31,990.46,4046.39,1312.16,128.68,1041.26,1313.43,2143.47,1416.77,0,0
2022-11-01,141.21,1412.05,1428.93,101.42,1055.77,519.07,1520.25,1226.7,0,0
2022-11-02,452.19,4041.13,1130.63,170.08,1242.46,2018.49,2168.83,1514.27,0,0
2022-11-03,93.56,733.9,1466.97,115.42,1247.97,2484.61,1948.88,1356.92,0,0
2022-11-04,445.78,3191.5,1105.43,173.44,1172.54,1641.43,1913.16,1173.99,0,0
2022-11-05,175.92,1999.74,1150.68,174.62,1376.21,1378.05,1011.52,2058.41,0,0
2022-11-06,479.84,734.3,1435.14,101.19,1463.61,1177.17,1728.38,2442.64,0,0
2022-11-07,686.05,214.68,1458.86,163.74,1478.09,1136.29,2303.3,2287.53,0,0
2022-11-08,341.62,1342.77,1049.14,165.43,1195.58,1955.56,1897.82,2101.47,0,0
2022-11-09,592.84,982.68,1168.7,169.03,1089.96,1414.27,1714.72,2247.53,0,0
2022-11-10,21.84,497.52,1051.95,144.59,1109.71,779.91,563.39,1035.55,0,0
2022-11-11,101.02,4693.14,1328.3,183.55,1475.24,0.0,1799.38,1179.97,0,0
2022-11-12,857.88,658.24,1328.2,189.99,1283.03,0.0,2250.4,2043.48,0,0
2022-11-13,260.8,2340.11,1468.09,163.88,1461.35,0.0,1124.76,2355.09,0,0
2022-11-14,772.18,1623.79,1080.98,107.4,1388.55,0.0,898.37,1090.09,0,0
2022-11-15,956.05,1330.68,1220.29,149.17,1464.29,0.0,528.26,1738.09,0,0
2022-11-16,152.43,3845.85,1109.19,164.33,1456.3,0.0,347.89,1109.38,0,0
2022-11-17,575.63,1260.48,1222.94,189.65,1074.43,0.0,2338.94,1996.91,0,0
2022-11-18,273.77,3503.28,1452.31,157.46,1257.69,0.0,1277.63,1654.09,0,0
2022-11-19,845.61,3906.88,1392.69,154.01,1001.65,0.0,2063.14,1723.1,0,0
2022-11-20,571.57,4675.86,1179.46,168.18,1200.31,0.0,2401.18,1136.0,0,0
2022-11-21,539.28,4805.02,1040.23,145.96,1383.25,1654.7,523.88,1059.0,0,0
2022-11-22,390.32,963.11,1347.94,189.65,1315.31,962.23,303.67,1949.19,0,0
2022-11-23,737.97,708.32,1096.55,171.97,1296.47,1274.16,251.18,1810.83,0,0
2022-11-24,314.65,2674.36,1417.13,144.93,1497.92,188.9,234.53,2181.67,0,0
2022-11-25,52.39,599.75,1403.55,166.73,1229.19,0.0,2198.21,1223.43,1,0
2022-11-26,583.55,4624.83,1018.44,114.16,1326.92,0.0,2303.25,1068.7,0,0
2022-11-27,704.28,661.38,1086.12,105.0,1153.67,0.0,1194.84,1256.03,0,0
2022-11-28,595.13,4090.82,1053.17,149.71,1399.59,0.0,2030.69,1639.32,0,0
2022-11-29,813.41,4911.14,1339.2,132.42,1487.93,0.0,429.59,2254.64,0,0
2022-11-30,795.17,3823.5,1296.54,133.55,1060.37,0.0,1096.37,2044.44,0,0
2022-12-01,557.87,2198.92,1462.84,104.07,1049.98,0.0,1569.86,2166.49,0,0
2022-12-02,25.47,2439.97,1003.17,117.94,1044.57,0.0,2228.6,1624.33,0,0
2022-12-03,809.34,3865.09,1346.18,120.62,1319.91,0.0,1088.88,2407.13,0,0
2022-12-04,614.43,197.73,1090.0,149.99,1475.15,0.0,1978.2,1521.78,0,0
2022-12-05,14.52,1185.84,1058.75,153.02,1047.84,968.56,1926.71,1809.58,0,0
2022-12-06,227.08,3853.95,1329.66,127.64,1096.86,2011.87,1744.59,2452.86,0,0
2022-12-07,479.67,889.86,1335.07,104.31,1322.43,784.15,1143.21,1501.44,0,0
2022-12-08,807.1,3794.46,1021.66,174.04,1462.43,522.13,1985.18,1727.59,0,0
2022-12-09,124.9,4476.45,1360.7,159.27,1162.99,577.0,1724.45,1488.53,0,0
2022-12-10,781.19,1637.4,1049.03,173.77,1434.94,1001.28,629.59,1706.49,0,0
2022-12-11,489.56,4453.54,1072.47,192.79,1227.5,1029.59,427.37,2079.73,0,0
2022-12-12,635.7,4878.02,1101.11,112.72,1346.11,243.16,427.6,2277.48,0,0
2022-12-13,463.99,864.29,1171.79,188.64,1301.82,1994.91,1631.2,1917.29,0,0
2022-12-14,178.24,4850.98,1427.5,108.65,1428.49,1274.11,2489.59,1887.37,0,0
2022-12-15,838.62,1403.06,1365.01,173.62,1123.33,885.51,1490.72,2337.73,0,0
2022-12-16,595.85,753.36,1286.85,100.51,1490.09,196.14,1229.57,2152.91,0,0
2022-12-17,43.28,2660.3,1239.63,179.8,1410.65,1185.86,677.23,1837.73,0,0
2022-12-18,22.3,3661.61,1474.97,113.27,1147.9,1654.34,317.75,1719.67,0,0
2022-12-19,311.79,3519.49,1428.96,174.73,1012.21,1191.62,1952.4,2311.3,0,0
2022-12-20,411.31,3951.39,1185.21,146.43,1316.7,2164.92,269.68,2340.15,0,0
2022-12-21,339.58,173.24,1212.95,126.98,1473.05,1401.84,2006.75,2181.54,0,0
2022-12-22,90.15,4405.43,1367.88,105.48,1472.66,1719.17,2231.15,1166.45,0,0
2022-12-23,371.93,3099.48,1182.79,117.53,1279.4,260.81,1802.41,1307.07,0,0
2022-12-24,981.44,1200.78,1056.78,147.85,1469.57,1492.29,2401.85,1314.69,0,0
2022-12-25,747.57,1134.93,1176.36,126.74,1340.11,765.15,252.09,0.0,0,0
2022-12-26,491.36,2638.15,1061.35,170.98,1339.15,1378.85,801.43,0.0,0,0
2022-12-27,801.9,4727.37,1404.4,194.09,1032.81,2240.57,1198.9,0.0,0,0
2022-12-28,898.97,1448.98,1478.31,110.94,1137.97,1773.0,1291.19,0.0,0,0
2022-12-29,525.48,3140.11,1146.58,196.96,1270.72,416.87,932.08,0.0,0,0
2022-12-30,648.24,1464.67,1031.47,187.18,1116.16,2373.88,1647.21,0.0,0,0
2022-12-31,349.36,3233.8,1163.15,159.34,1348.43,2120.58,1168.62,0.0,0,0
2023-01-01,140.63,3948.85,1085.87,126.0,1242.12,2429.74,1947.4,0.0,0,0
2023-01-02,359.59,2285.07,1083.18,192.41,1355.91,784.59,2435.69,0.0,0,0
2023-01-03,695.93,3335.12,1076.74,123.79,1020.58,859.9,403.54,0.0,0,0
2023-01-04,192.65,2816.81,1017.34,131.69,1171.92,995.0,1395.68,1243.9,0,0
2023-01-05,308.54,4602.97,1202.28,149.94,1072.69,1199.3,868.52,1006.44,0,0
2023-01-06,741.11,4878.25,1165.64,170.55,1236.96,795.59,2365.62,2471.03,0,0
2023-01-07,577.99,743.95,1282.62,190.69,1221.05,1753.95,1855.94,2350.26,0,0
2023-01-08,148.03,2759.29,1154.04,140.16,1420.44,1170.33,321.95,1082.55,0,0
2023-01-09,644.9,2921.32,1111.07,193.57,1138.96,154.12,1392.19,1668.19,0,0
2023-01-10,674.84,446.01,1255.89,119.45,1158.88,1552.19,2364.17,2362.67,0,0
2023-01-11,367.45,748.25,1426.9,136.96,1186.42,783.16,943.25,2466.29,0,0
2023-01-12,875.56,447.12,1363.93,144.42,1496.3,2028.85,792.72,2208.51,0,0
2023-01-13,970.66,2124.92,1448.21,113.96,1293.59,306.59,598.68,1711.92,0,0
2023-01-14,868.85,4933.33,1033.06,196.01,1378.06,312.28,1082.71,2371.62,0,0
2023-01-15,420.37,2783.51,1355.12,175.52,1068.46,546.42,1016.25,1830.8,0,0
2023-01-16,51.81,4132.98,1417.29,130.39,1279.64,1212.28,164.42,1003.67,0,0
2023-01-17,270.05,4780.57,1417.12,147.25,1326.91,2242.45,1101.18,1737.83,0,0
2023-01-18,690.96,1231.3,1059.68,127.72,1497.17,260.14,1889.36,1871.6,0,0
2023-01-19,569.92,4343.05,1314.0,147.6,1347.12,387.0,1330.06,1862.9,0,0
2023-01-20,846.83,822.61,1029.26,131.97,1439.16,425.19,491.94,1409.01,0,0
2023-01-21,425.32,4561.4,1177.99,128.99,1264.81,2347.16,1333.28,2149.66,0,0
2023-01-22,191.42,481.6,1376.31,154.37,1436.22,2084.37,1743.92,1451.61,0,0
2023-01-23,688.59,3444.85,1047.92,158.0,1411.66,130.95,1343.61,1559.52,0,0
2023-01-24,490.05,1708.16,1455.39,110.24,1077.28,630.67,552.2,2345.59,0,0
2023-01-25,617.29,4158.77,1262.83,153.21,1275.56,1915.14,373.52,1690.74,0,0
2023-01-26,85.64,4096.04,1461.7,147.95,1155.79,970.16,2060.89,2334.59,0,0
2023-01-27,601.67,3820.31,1171.02,170.99,1014.38,2054.98,633.66,2285.22,0,0
2023-01-28,150.94,1140.61,1062.67,113.02,1039.3,1757.96,1981.67,1116.6,0,0
2023-01-29,776.95,3789.1,1021.26,110.78,1396.53,1332.35,242.24,1178.38,0,0
2023-01-30,260.48,340.57,1333.79,175.46,1391.19,2308.24,592.96,2351.76,0,0
2023-01-31,192.93,1764.15,1045.39,184.59,1470.92,2377.1,934.81,1240.84,0,0
2023-02-01,505.63,3645.48,1120.91,157.02,1049.55,1487.52,133.56,1325.5,0,1
2023-02-02,199.63,1416.47,1450.83,153.71,1486.79,336.85,613.64,1756.29,0,0
2023-02-03,710.68,1838.65,1294.69,143.97,1478.87,534.04,951.57,1569.42,0,0
2023-02-04,222.13,1145.5,1056.42,198.46,1061.81,364.76,426.19,2143.41,0,0
2023-02-05,707.68,2790.09,1020.3,132.81,1057.86,780.67,1540.93,1468.01,0,0
2023-02-06,976.42,2225.34,1276.96,129.06,1427.68,553.08,267.06,2261.59,0,0
2023-02-07,480.92,3398.86,1089.65,199.87,1245.82,352.41,1151.34,1987.82,0,0
2023-02-08,94.16,725.4,1200.31,159.06,1050.86,2320.7,2446.85,1097.07,0,0
2023-02-09,975.46,1699.77,1297.48,199.07,1061.38,2111.46,1840.48,1417.78,0,0
2023-02-10,716.36,2913.77,1136.49,178.95,1321.92,1060.57,1241.98,1904.75,0,0
2023-02-11,410.4,2427.82,1139.45,176.8,1054.02,701.66,1293.46,1942.56,0,0
2023-02-12,143.26,507.02,1026.43,106.82,1339.05,2432.97,1018.32,2018.81,0,0
2023-02-13,161.21,0.0,1048.17,107.65,1375.8,1942.17,2002.56,1302.9,0,0
2023-02-14,665.47,0.0,1130.83,134.36,1429.84,1411.89,2386.19,1047.4,0,0
2023-02-15,436.1,0.0,1191.81,131.46,1188.17,1203.17,178.86,1835.0,0,0
2023-02-16,861.76,0.0,1353.03,149.15,1067.24,1817.74,1269.89,1164.07,0,0
2023-02-17,678.27,0.0,1342.69,157.22,1237.96,2150.44,1316.04,1587.08,0,0
2023-02-18,499.74,0.0,1308.47,135.28,1488.89,869.16,167.55,1067.68,0,0
2023-02-19,838.56,0.0,1371.03,102.69,1445.67,919.02,333.64,1517.71,0,0
2023-02-20,363.79,0.0,1330.62,124.76,1324.04,1522.08,2284.93,1098.25,0,0
2023-02-21,311.86,0.0,1009.86,132.61,1230.45,2172.08,1463.32,2352.11,0,0
2023-02-22,273.95,0.0,1293.99,198.58,1188.87,1036.72,1474.09,2212.49,0,0
2023-02-23,109.06,3378.81,1167.98,150.28,1382.45,914.89,1575.59,1545.0,0,0
2023-02-24,441.63,2489.79,1423.67,178.71,1420.19,1386.0,789.65,1071.3,0,0
2023-02-25,996.27,2016.12,1112.94,174.29,1045.98,2126.05,327.36,1505.26,0,0
2023-02-26,76.6,0.0,1237.63,120.97,1397.83,1663.69,824.43,2206.19,0,0
2023-02-27,438.58,0.0,1100.04,140.23,1312.48,1187.75,1932.26,1270.9,0,0
2023-02-28,28.42,0.0,1431.35,157.68,1106.48,2409.08,1881.3,1700.94,0,0
2023-03-01,937.79,0.0,1307.21,176.91,1216.86,1458.68,1604.22,0.0,0,0
2023-03-02,370.63,0.0,1075.24,168.53,1150.14,1144.93,864.77,0.0,0,0
2023-03-03,73.78,0.0,1206.22,182.37,1323.02,715.47,1542.96,0.0,0,0
2023-03-04,122.42,0.0,1122.79,182.72,1232.08,1443.58,1146.72,0.0,0,0
2023-03-05,46.63,0.0,1068.22,125.84,1401.77,1680.81,522.36,0.0,0,0
2023-03-06,964.15,0.0,1009.95,185.96,1041.96,1543.84,2181.21,0.0,0,0
2023-03-07,412.94,0.0,1328.72,109.03,1471.58,1838.16,437.34,0.0,0,0
2023-03-08,737.14,4665.35,1260.98,182.9,1474.84,2335.73,704.34,0.0,0,0
2023-03-09,245.7,620.16,1403.34,132.93,1292.16,1035.88,1896.1,0.0,0,0
2023-03-10,428.64,729.95,1087.58,196.99,1219.74,710.33,1514.75,0.0,0,0
2023-03-11,380.96,4744.07,1158.24,142.38,1341.37,2411.96,2210.64,2405.46,0,0
2023-03-12,369.37,3581.2,1410.68,102.11,1483.4,1553.96,2119.54,1993.34,0,0
2023-03-13,941.44,3456.51,1394.4,123.97,1276.36,842.24,2400.36,1544.28,0,0
2023-03-14,814.13,619.05,1433.48,185.76,1194.24,2283.49,1043.14,2466.99,0,0
2023-03-15,262.98,460.35,1411.35,123.55,1105.19,2236.59,2298.14,1947.03,0,0
2023-03-16,880.67,3836.04,1203.14,103.39,1433.22,2075.67,2357.19,1706.64,0,0
2023-03-17,418.83,4207.41,1358.69,187.68,1410.12,2078.56,1776.36,1759.5,0,0
2023-03-18,358.34,3014.56,1406.71,173.78,1226.63,165.64,225.04,1962.39,0,0
2023-03-19,633.85,3957.19,1068.05,140.07,1314.15,852.93,297.36,1236.73,0,0
2023-03-20,521.2,4848.63,1415.31,176.32,1423.48,1745.81,2002.34,1479.1,0,0
2023-03-21,483.58,3678.51,1130.34,168.75,1413.38,2018.87,576.79,1621.74,0,0
2023-03-22,190.07,4383.19,1472.38,188.43,1112.24,2375.46,2315.47,1970.66,0,0
2023-03-23,630.36,4535.16,1487.06,119.83,1350.63,505.01,1062.48,1643.36,0,0
2023-03-24,267.56,454.42,1183.96,194.72,1058.68,1824.6,1144.38,2379.98,0,0
2023-03-25,459.17,3371.31,1059.26,171.36,1095.27,2168.65,1977.09,1431.94,0,0
2023-03-26,499.23,659.69,1428.17,160.01,1497.6,779.12,1725.25,1627.5,0,0
2023-03-27,414.44,738.25,1145.1,126.18,1308.84,2277.59,987.13,2026.4,0,0
2023-03-28,463.58,61.5,1066.6,132.32,1346.51,1748.45,1812.01,2062.68,0,0
2023-03-29,738.74,1288.57,1047.64,105.88,1166.43,663.62,2279.74,2495.11,0,0
2023-03-30,939.93,4836.38,1299.12,174.82,1022.76,708.78,1587.18,1453.76,0,0
2023-03-31,400.75,1860.8,1484.03,155.96,1290.24,724.7,1308.99,2395.49,0,0
2023-04-01,879.12,668.28,1158.66,153.04,1070.9,380.42,205.99,1191.81,0,0
2023-04-02,872.96,4175.67,1373.91,192.62,1141.46,2204.65,1571.04,2142.35,0,0
2023-04-03,271.12,1571.92,1446.34,131.55,1497.28,1932.82,463.04,2279.55,0,0
2023-04-04,660.85,3993.12,1026.61,114.86,1114.93,186.07,724.54,2058.94,0,0
2023-04-05,0.0,4976.06,1463.6,104.08,1178.26,1801.67,1264.48,1739.48,0,0
2023-04-06,0.0,4335.73,1061.83,109.36,1434.09,533.57,503.91,1763.11,0,0
2023-04-07,0.0,4455.56,1292.84,158.35,1485.81,1362.44,1469.89,1624.63,0,0
2023-04-08,0.0,3843.58,1338.45,188.74,1012.98,1735.15,1733.53,1591.25,0,0
2023-04-09,0.0,4756.59,1418.49,115.38,1040.53,2093.68,1682.89,1681.08,0,0
2023-04-10,0.0,2975.08,1002.9,196.98,1328.09,2382.15,879.8,2097.32,0,0
2023-04-11,0.0,4787.44,1284.58,121.14,1024.34,1644.75,875.61,1083.3,0,0
2023-04-12,0.0,4759.98,1190.7,139.89,1089.01,2416.12,2177.24,1133.78,0,0
2023-04-13,0.0,823.07,1389.75,128.49,1376.28,1669.75,389.44,1736.27,0,0
2023-04-14,0.0,4033.7,1155.05,168.5,1065.64,1697.25,2096.93,1768.98,0,0
2023-04-15,494.73,4428.21,1238.22,156.31,1211.54,1915.58,2046.39,1920.8,0,0
2023-04-16,439.76,2135.83,1020.22,134.17,1231.76,638.15,1746.97,1232.6,0,0
2023-04-17,500.37,3151.5,1262.34,129.07,1218.68,2277.3,1246.27,1222.91,0,0
2023-04-18,136.51,4515.49,1420.77,152.31,1147.74,214.55,283.68,1067.64,0,0
2023-04-19,116.56,2130.32,1047.24,166.09,1284.24,708.11,711.66,1122.65,0,0
2023-04-20,508.41,578.54,1330.79,117.96,1091.1,1043.1,299.9,2315.13,0,0
2023-04-21,304.67,2940.17,1227.5,167.03,1311.91,736.18,2420.13,2307.02,0,0
2023-04-22,195.32,933.59,1373.51,160.41,1435.81,355.19,1382.5,1008.77,0,0
2023-04-23,125.51,866.96,1238.56,169.18,1434.39,2417.93,1544.53,1730.08,0,0
2023-04-24,622.31,4869.87,1180.36,167.38,1345.15,1047.99,826.38,1187.63,0,0
2023-04-25,23.74,568.44,1007.94,197.05,1429.51,602.15,1656.7,1974.61,0,0
2023-04-26,441.43,3134.04,1395.01,119.09,1150.46,1212.22,1237.57,1032.73,0,0
2023-04-27,174.44,770.59,1351.3,196.39,1235.74,2163.51,1504.54,1302.01,0,0
2023-04-28,573.74,4170.85,1025.46,100.79,1315.2,1811.42,2450.77,2272.92,0,0
2023-04-29,739.71,2983.24,1277.15,129.08,1243.75,1266.64,1518.49,1917.24,0,0
2023-04-30,681.88,4085.28,1243.95,171.43,1264.15,1112.81,858.04,1095.27,0,0
2023-05-01,893.95,2091.52,1236.67,149.48,1469.48,932.23,0.0,1031.21,0,0
2023-05-02,295.13,969.08,1171.92,123.21,1109.85,2281.77,0.0,1903.15,0,0
2023-05-03,844.04,3288.22,1065.58,129.34,1355.69,2403.53,0.0,2009.66,0,0
2023-05-04,737.24,3981.9,1399.88,184.45,1310.92,777.9,0.0,2000.58,0,0
2023-05-05,137.81,1005.43,1302.87,110.09,1207.99,2485.04,0.0,1314.15,0,0
2023-05-06,56.58,100.47,1440.45,135.7,1079.3,2087.08,0.0,1047.96,0,0
2023-05-07,73.03,2158.8,1308.78,112.07,1112.05,718.77,0.0,1532.86,0,0
2023-05-08,56.21,4389.79,1133.75,115.12,1345.07,1336.93,0.0,2059.61,0,0
2023-05-09,927.37,2194.76,1228.57,184.16,1055.47,354.14,0.0,2173.23,0,0
2023-05-10,947.91,4119.82,1020.98,110.54,1314.96,2190.09,0.0,1235.55,0,0
2023-05-11,299.2,2213.17,1252.95,173.26,1049.65,1653.02,903.06,1206.66,0,0
2023-05-12,850.11,2201.15,1207.87,176.9,1122.66,2041.95,919.17,1757.53,0,0
2023-05-13,94.38,1868.46,1377.42,136.06,1332.5,463.87,1908.42,1632.58,0,0
2023-05-14,235.9,4010.83,1206.7,140.93,1229.38,2145.74,2007.06,1542.66,0,0
2023-05-15,39.47,736.47,1004.97,180.62,1471.82,303.47,855.53,2472.92,0,0
2023-05-16,172.68,316.73,1379.6,166.02,1320.73,2266.03,238.74,1947.41,0,0
2023-05-17,716.24,3305.2,1259.89,129.57,1201.0,1734.09,1428.67,1456.48,0,0
2023-05-18,745.27,4547.06,1003.95,127.98,1263.9,2309.08,1780.71,1669.28,0,0
2023-05-19,213.08,2726.68,1394.17,165.2,1348.74,2230.42,1975.75,1606.76,0,0
2023-05-20,205.32,1514.64,1018.49,133.45,1362.55,1876.13,402.41,2487.89,0,0
2023-05-21,291.09,473.17,1275.89,152.13,1378.52,484.07,166.94,2194.9,0,0
2023-05-22,596.58,1214.29,1387.08,172.65,1493.48,365.06,243.87,1559.47,0,0
2023-05-23,630.72,1778.82,1023.87,165.1,1062.37,815.11,1868.46,1679.72,0,0
2023-05-24,983.12,4028.88,1494.5,156.56,1447.17,1606.59,1379.89,1893.32,0,0
2023-05-25,356.83,1429.83,1392.39,171.49,1336.22,1814.44,1347.2,0.0,0,0
2023-05-26,334.57,2916.02,1411.42,136.13,1048.99,1807.94,2088.25,0.0,0,0
2023-05-27,71.57,4443.66,1238.13,144.62,1184.65,1363.01,1511.77,0.0,0,0
2023-05-28,400.83,1325.83,1249.41,142.34,1220.04,2334.49,1274.9,0.0,0,0
2023-05-29,825.57,730.29,1063.56,171.12,1064.69,1790.86,2171.85,0.0,0,0
2023-05-30,220.52,2372.04,1373.25,194.41,1184.67,2384.37,1543.84,0.0,0,0
2023-05-31,129.66,2863.11,1020.14,115.33,1185.73,2478.45,827.82,0.0,0,0
2023-06-01,793.29,719.28,1294.81,104.87,1447.13,2233.74,617.4,0.0,0,0
2023-06-02,493.91,620.42,1174.32,187.04,1208.79,1475.34,1457.83,0.0,0,0
2023-06-03,783.54,2381.39,1360.02,160.57,1380.98,1311.43,1206.25,0.0,0,0
2023-06-04,454.58,4333.06,1162.61,179.98,1332.25,1083.11,658.77,1593.1,0,0
2023-06-05,545.58,4790.82,1445.02,173.59,1322.96,2178.29,1797.3,1857.99,0,0
2023-06-06,798.2,3539.92,1280.52,112.38,1279.68,561.82,1584.89,1865.28,0,0
2023-06-07,62.35,2855.52,1094.7,147.58,1448.43,388.68,2346.84,1269.62,0,0
2023-06-08,28.78,3935.92,1122.64,170.56,1443.83,1166.15,2036.61,1910.28,0,0
2023-06-09,407.78,234.47,1430.99,102.33,1218.51,1095.85,2163.16,1476.07,0,0
2023-06-10,264.61,582.08,1049.67,116.82,1072.02,713.33,315.11,1460.19,0,0
2023-06-11,413.2,854.26,1307.24,132.53,1013.59,240.4,1035.86,1480.06,0,0
2023-06-12,418.69,1627.85,1187.76,182.77,1060.48,586.14,1905.12,1879.04,0,0
2023-06-13,498.05,3764.43,1192.52,111.51,1030.32,1215.58,1076.98,1726.26,0,0
2023-06-14,413.42,1176.36,1443.08,126.92,1481.74,1720.23,691.16,1832.06,0,0
2023-06-15,787.36,1530.02,1203.37,108.39,1317.9,588.3,2422.99,1559.96,0,0
2023-06-16,985.46,3912.3,1268.77,142.38,1455.75,1184.18,102.4,1696.98,0,0
2023-06-17,831.08,1453.35,1486.04,100.05,1466.75,1257.25,1534.88,2259.23,0,0
2023-06-18,386.35,1763.58,1316.1,158.52,1255.16,209.16,1874.04,1844.62,0,0
2023-06-19,307.63,1982.57,1061.49,113.97,1278.24,770.7,1136.71,1915.67,0,0
2023-06-20,957.84,1598.34,1341.05,134.26,1130.68,1906.47,1186.52,1368.89,0,0
2023-06-21,983.19,1714.73,1229.9,159.95,1007.94,1760.43,1651.46,1003.07,0,0
2023-06-22,481.76,4508.21,1336.35,141.32,1447.63,1787.92,1929.92,1807.2,0,0
2023-06-23,789.43,3249.0,1038.76,103.09,1416.04,1711.87,1713.39,1529.49,0,0
2023-06-24,814.65,4139.06,1178.98,117.72,1383.98,1772.87,120.24,1694.04,0,0
2023-06-25,936.89,2228.44,1110.76,101.98,1140.57,2311.36,958.77,1134.95,0,0
2023-06-26,617.31,1522.86,1358.9,123.43,1246.9,971.2,773.82,2356.76,0,0
2023-06-27,709.9,1053.34,1098.04,182.11,1198.04,2187.8,1465.85,1741.02,0,0
2023-06-28,556.27,3302.59,1282.85,168.24,1282.57,256.87,407.79,1097.57,0,0
2023-06-29,267.03,2853.82,1113.98,152.31,1391.13,0.0,1727.15,2487.93,0,0
2023-06-30,696.06,2669.38,1126.46,156.01,1226.96,0.0,1638.32,2414.61,0,0
2023-07-01,61.34,4694.41,1216.27,199.51,1137.02,0.0,1219.81,1542.21,0,0
2023-07-02,761.43,4420.17,1112.27,127.79,1210.03,0.0,112.38,1291.91,0,0
2023-07-03,90.99,2863.38,1012.69,173.74,1489.05,0.0,278.66,1374.98,0,0
2023-07-04,172.84,1560.92,1313.0,109.67,1239.98,0.0,1522.07,1939.45,0,0
2023-07-05,340.96,1259.54,1053.92,123.84,1170.4,0.0,900.61,2191.17,0,0
2023-07-06,944.11,3880.99,1309.78,176.41,1312.67,0.0,305.28,1091.03,0,0
2023-07-07,43.01,1573.26,1423.85,106.5,1063.77,0.0,1160.6,1452.21,0,0
2023-07-08,629.92,338.29,1338.78,155.93,1147.46,0.0,329.99,2127.95,0,0
2023-07-09,240.78,3001.88,1329.86,101.06,1191.96,2008.4,2211.85,1928.85,0,0
2023-07-10,346.22,4688.55,1391.46,145.41,1164.1,561.96,346.46,1892.76,0,0
2023-07-11,76.87,3949.19,1096.81,157.32,1318.68,715.09,1110.42,2086.93,0,0
2023-07-12,450.18,1223.33,1398.51,106.05,1155.83,1146.04,2403.38,2131.56,0,0
2023-07-13,318.08,4427.26,1387.75,114.74,1154.34,922.96,985.19,1012.12,0,0
2023-07-14,590.58,3394.72,1028.66,150.71,1417.59,2160.89,1112.95,1293.11,0,0
2023-07-15,208.37,4543.42,1392.63,134.16,1333.93,1767.48,2456.62,1899.64,0,0
2023-07-16,337.83,2896.27,1481.53,161.61,1209.35,489.47,1190.33,2183.79,0,0
2023-07-17,51.77,1104.84,1001.85,122.3,1115.14,1597.41,673.65,2101.88,0,0
2023-07-18,953.06,1664.26,1370.04,120.53,1092.12,2475.71,970.76,1110.6,0,0
2023-07-19,39.72,584.79,1145.29,119.44,1292.84,1937.28,205.37,1044.53,0,0
2023-07-20,205.85,878.99,1442.69,171.88,1169.91,1430.81,528.5,1032.24,0,0
2023-07-21,844.45,4554.14,1010.5,167.75,1189.46,1989.79,366.33,2404.17,0,0
2023-07-22,312.02,1208.35,1404.74,166.09,1470.58,2445.04,2494.47,2322.5,0,0
2023-07-23,879.6,336.23,1072.22,192.42,1397.45,560.04,1007.67,1561.38,0,0
2023-07-24,603.55,4885.14,1122.27,104.62,1308.01,553.85,1385.12,2184.38,0,0
2023-07-25,334.4,275.76,1397.81,187.29,1425.75,2424.12,2226.0,1313.86,0,0
2023-07-26,90.59,2358.63,1331.75,106.49,1254.31,1903.14,1648.17,1763.74,0,0
2023-07-27,503.6,2326.69,1160.91,137.39,1347.25,1817.56,1287.5,1402.5,0,0
2023-07-28,406.94,4606.71,1291.99,103.66,1109.76,587.2,2171.6,1593.85,0,0
2023-07-29,312.94,4444.66,1285.69,193.55,1187.05,1421.32,422.39,1126.04,0,0
2023-07-30,450.06,1764.36,1291.98,146.53,1310.56,1122.65,1222.12,1613.43,0,0
2023-07-31,806.46,1591.93,1191.19,117.96,1116.9,1648.85,961.82,1123.63,0,0
2023-08-01,844.18,2568.83,1321.83,178.59,1463.3,336.18,271.24,1057.42,0,1
2023-08-02,208.3,991.27,1164.62,130.27,1407.78,1740.49,758.71,2058.46,0,0
2023-08-03,998.02,4992.04,1376.19,173.98,1456.19,120.48,818.74,2233.46,0,0
2023-08-04,785.3,2025.02,1202.88,158.0,1327.65,1232.81,1330.35,2141.74,0,0
2023-08-05,157.79,1993.55,1113.46,174.91,1237.22,1337.98,1986.34,2136.43,0,0
2023-08-06,725.29,2312.39,1395.96,131.31,1093.92,1948.31,1775.06,1314.38,0,0
2023-08-07,455.47,2796.65,1187.35,157.75,1064.17,2364.05,123.23,2215.6,0,0
2023-08-08,835.96,1705.71,1209.57,168.58,1201.68,1968.74,1390.25,1489.12,0,0
2023-08-09,33.01,3928.94,1461.07,115.37,1476.32,892.6,1611.61,1904.5,0,0
2023-08-10,611.76,4336.05,1490.09,120.42,1195.32,1382.78,552.01,1162.96,0,0
2023-08-11,573.82,2263.16,1447.37,109.32,1052.16,1426.98,176.94,2033.54,0,0
2023-08-12,493.73,941.59,1034.75,196.3,1141.91,659.29,1682.97,1104.97,0,0
2023-08-13,66.88,2597.47,1085.91,185.97,1205.43,476.89,365.79,1804.68,0,0
2023-08-14,483.47,353.13,1477.55,186.57,1064.97,593.62,1137.28,2064.51,0,0
2023-08-15,480.03,3022.51,1469.58,158.75,1251.24,1743.61,761.06,1011.16,0,0
2023-08-16,151.27,329.21,1199.62,180.76,1262.93,2284.73,2210.17,1690.31,0,0
2023-08-17,580.37,3689.08,1143.96,188.1,1228.15,1780.76,1807.96,1446.17,0,0
2023-08-18,616.9,4051.82,1087.56,124.91,1449.98,1859.79,1198.79,2366.25,0,0
2023-08-19,191.61,2847.39,1196.78,194.57,1119.85,2189.3,757.06,1942.12,0,0
2023-08-20,298.97,4582.32,1349.02,172.24,1108.63,1284.37,2481.74,1829.24,0,0
2023-08-21,995.36,391.9,1052.61,176.65,1163.01,1182.25,706.64,1759.1,0,0
2023-08-22,467.55,375.25,1347.24,174.97,1190.58,1890.3,2153.86,1595.01,0,0
2023-08-23,20.63,582.27,1458.57,132.71,1374.34,1263.42,263.77,1822.64,0,0
2023-08-24,249.87,4750.59,1070.13,182.04,1420.78,509.41,143.36,1150.77,0,0
2023-08-25,301.2,2677.92,1195.42,107.76,1381.79,1725.72,468.39,1537.13,0,0
2023-08-26,224.51,181.88,1337.52,121.62,1348.37,2107.6,2047.63,1961.52,0,0
2023-08-27,719.25,4486.08,1195.31,130.83,1026.21,111.2,1953.78,2150.67,0,0
2023-08-28,929.53,1879.48,1119.27,109.14,1210.84,2474.3,909.08,1288.23,0,0
2023-08-29,672.26,1110.63,1441.14,179.69,1415.23,502.92,500.91,1623.52,0,0
2023-08-30,116.61,1642.44,1281.03,118.95,1103.56,1400.09,2353.42,1181.21,0,0
2023-08-31,221.64,1789.32,1086.81,140.21,1158.12,1034.05,1201.06,1099.02,0,0
2023-09-01,816.93,3253.23,1184.49,106.73,1109.28,823.68,1537.29,2474.65,0,0
2023-09-02,110.8,2685.55,1495.27,185.05,1085.73,2401.68,1539.68,2472.12,0,0
2023-09-03,699.35,3392.72,1486.18,169.37,1166.02,1624.85,2221.52,1476.95,0,0
2023-09-04,853.04,2415.83,1167.55,160.85,1292.52,1017.69,1637.42,1348.64,0,0
2023-09-05,591.59,4942.02,1116.3,161.63,1448.39,841.24,1870.99,2135.87,0,0
2023-09-06,623.57,309.02,1187.26,129.66,1075.84,590.52,190.98,2385.11,0,0
2023-09-07,602.09,4729.92,1369.63,132.87,1139.06,1644.64,1925.19,1781.31,0,0
2023-09-08,977.79,3243.75,1144.23,102.37,1423.47,895.05,0.0,1808.97,0,0
2023-09-09,907.57,3328.38,1124.17,168.73,1359.75,1559.35,0.0,1482.46,0,0
2023-09-10,447.94,40.15,1434.93,107.0,1096.23,1622.48,0.0,1306.33,0,0
2023-09-11,100.84,2967.23,1415.61,193.18,1118.16,0.0,0.0,1467.19,0,0
2023-09-12,724.46,1232.18,1088.22,124.9,1142.68,0.0,0.0,1407.79,0,0
2023-09-13,783.48,409.28,1486.28,139.82,1083.88,0.0,0.0,2102.39,0,0
2023-09-14,762.72,4099.82,1396.78,101.98,1190.71,0.0,0.0,2382.3,0,0
2023-09-15,599.23,772.47,1363.32,125.73,1231.83,0.0,0.0,1909.04,0,0
2023-09-16,81.22,691.92,1234.63,115.47,1094.81,0.0,0.0,2088.02,0,0
2023-09-17,496.54,4629.2,1470.14,197.05,1186.57,0.0,0.0,1882.46,0,0
2023-09-18,414.7,203.75,1460.8,138.48,1282.8,0.0,1147.12,1382.89,0,0
2023-09-19,913.96,3614.0,1254.8,148.86,1344.24,0.0,1662.18,2389.78,0,0
2023-09-20,738.31,1219.34,1017.25,181.31,1315.48,0.0,1773.93,1968.0,0,0
2023-09-21,268.72,2282.8,1340.53,125.43,1301.07,2384.27,2119.64,1018.51,0,0
2023-09-22,773.26,3225.54,1458.44,139.77,1293.08,2262.39,1344.49,1283.23,0,0
2023-09-23,428.72,4150.45,1126.44,130.22,1483.84,1680.37,1018.69,1461.97,0,0
2023-09-24,417.49,4383.24,1363.83,108.89,1318.09,1964.06,926.54,1214.07,0,0
2023-09-25,751.24,4650.78,1198.99,130.81,1493.51,2059.33,103.79,1104.76,0,0
2023-09-26,699.35,2629.56,1327.26,173.3,1085.32,999.16,1789.71,1297.03,0,0
2023-09-27,190.16,4742.93,1225.33,181.44,1092.82,241.56,538.55,2138.75,0,0
2023-09-28,266.76,4512.34,1204.4,162.68,1312.21,2184.07,498.7,1439.69,0,0
2023-09-29,383.95,1391.04,1171.08,158.56,1238.95,1714.73,341.94,1091.58,0,0
2023-09-30,754.28,46.06,1291.22,198.76,1048.42,1353.6,117.43,1904.48,0,0
2023-10-01,987.03,3809.21,1466.06,147.32,1168.51,1130.69,989.88,2335.23,0,0
2023-10-02,999.45,4086.07,1470.5,166.51,1189.22,237.38,954.47,1495.38,0,0
2023-10-03,109.18,2290.03,1349.15,172.52,1443.99,433.27,1544.58,2303.51,0,0
2023-10-04,286.67,3499.33,1407.53,136.84,1309.18,1681.3,1240.48,1619.69,0,0
2023-10-05,196.06,4931.05,1478.77,181.26,1008.32,964.49,209.81,2211.34,0,0
2023-10-06,332.27,2227.09,1303.38,140.02,1306.3,295.29,1127.0,2397.23,0,0
2023-10-07,931.54,4934.49,1428.55,190.52,1367.14,805.27,568.18,1214.74,0,0
2023-10-08,524.85,2863.74,1428.4,150.46,1063.93,2012.37,823.24,2009.59,0,0
2023-10-09,553.26,4375.18,1084.03,144.63,1057.84,1690.34,678.16,1317.46,0,0
2023-10-10,755.72,3302.13,1044.72,143.49,1357.88,484.56,2329.52,2353.97,0,0
2023-10-11,768.65,1109.68,1128.81,147.63,1448.76,395.44,425.82,1801.81,0,0
2023-10-12,728.16,461.3,1345.89,187.19,1465.89,1939.21,1541.63,1965.98,0,0
2023-10-13,383.24,3590.04,1368.0,138.17,1321.05,1448.56,2154.74,2212.67,0,0
2023-10-14,231.32,587.29,1043.84,108.91,1370.29,2349.31,1887.08,1174.16,0,0
2023-10-15,374.06,4268.12,1477.03,157.69,1000.84,248.52,1385.45,2270.68,0,0
2023-10-16,980.05,1605.02,1182.51,167.93,1398.28,1347.4,1543.88,1333.21,0,0
2023-10-17,401.36,2696.08,1230.3,114.47,1471.44,2109.32,1299.6,1683.68,0,0
2023-10-18,605.45,737.89,1332.68,180.13,1351.48,1537.31,841.34,2485.5,0,0
2023-10-19,132.23,4984.27,1353.26,147.83,1414.34,1288.06,1789.94,1565.06,0,0
2023-10-20,981.33,1672.39,1413.94,121.06,1366.33,2045.0,1780.98,1078.85,0,0
2023-10-21,866.78,903.31,1243.75,139.18,1492.19,1682.2,2136.44,2486.59,0,0
2023-10-22,552.46,1693.68,1338.95,199.03,1378.86,1038.55,1366.83,1424.56,0,0
2023-10-23,699.41,983.51,1428.13,139.38,1065.45,1905.44,1492.92,2207.61,0,0
2023-10-24,851.31,3550.84,1228.77,116.37,1068.78,1770.29,798.6,1217.23,0,0
2023-10-25,225.96,3744.43,1367.66,100.91,1362.98,1481.64,1727.96,2482.73,0,0
2023-10-26,156.13,4752.49,1213.56,184.17,1462.99,330.51,2437.98,1269.45,0,0
2023-10-27,61.95,4901.58,1325.05,159.34,1484.86,1604.73,1069.59,1050.99,0,0
2023-10-28,248.45,2448.24,1343.99,195.46,1326.4,1000.89,1760.31,2192.99,0,0
2023-10-29,661.93,3890.88,1432.45,165.03,1137.61,1667.67,981.58,1180.0,0,0
2023-10-30,91.81,2451.2,1334.4,150.97,1011.51,1475.16,1474.31,1410.59,0,0
2023-10-31,747.91,3973.78,1090.55,148.42,1322.3,1140.78,1471.42,1149.16,0,0
2023-11-01,72.86,4545.31,1397.61,118.49,1406.43,147.39,1434.54,1804.63,0,0
2023-11-02,814.07,2447.93,1259.45,158.47,1356.87,1996.16,397.81,2129.48,0,0
2023-11-03,966.02,4489.04,1090.33,159.91,1089.97,1431.33,2021.23,1184.57,0,0
2023-11-04,137.53,1039.09,1080.61,156.25,1425.73,184.01,2451.83,1759.22,0,0
2023-11-05,369.92,2726.69,1211.53,194.52,1000.04,821.44,2370.92,1779.16,0,0
2023-11-06,784.97,3299.2,1222.46,157.71,1347.55,1354.4,2466.45,1528.18,0,0
2023-11-07,542.83,1057.1,1049.5,181.98,1118.55,551.38,819.3,2248.94,0,0
2023-11-08,957.85,3014.7,1108.02,135.91,1064.25,1593.55,278.46,1382.45,0,0
2023-11-09,387.96,4519.26,1200.03,108.33,1127.09,1120.82,1766.84,1803.86,0,0
2023-11-10,79.85,3666.05,1497.68,169.68,1096.31,993.14,1677.56,2230.76,0,0
2023-11-11,608.9,2104.24,1076.75,199.24,1216.81,162.18,1548.66,1116.29,0,0
2023-11-12,133.38,558.85,1274.18,106.6,1320.09,970.77,900.44,1409.88,0,0
2023-11-13,870.17,1136.57,1004.93,137.72,1484.39,1008.72,352.01,2388.45,0,0
2023-11-14,183.97,3644.35,1153.27,182.13,1244.81,1369.5,0.0,2298.1,0,0
2023-11-15,556.03,3041.26,1448.29,117.07,1473.26,1034.95,0.0,2111.95,0,0
2023-11-16,968.32,2663.09,1297.31,184.96,1238.43,406.17,0.0,1770.35,0,0
2023-11-17,163.94,640.58,1189.4,173.54,1026.43,1841.01,0.0,2061.25,0,0
2023-11-18,256.62,3047.43,1353.39,118.31,1493.12,2016.33,0.0,1413.73,0,0
2023-11-19,433.49,4708.97,1440.69,181.4,1152.59,2159.01,0.0,1609.77,0,0
2023-11-20,319.61,459.8,1039.74,173.0,1472.43,496.27,0.0,2115.11,0,0
2023-11-21,558.62,2469.32,1437.18,196.22,1211.99,1320.84,0.0,1719.48,0,0
2023-11-22,519.86,4989.79,1444.04,169.79,1202.74,1579.09,0.0,2118.88,0,0
2023-11-23,717.02,3515.93,1374.83,124.42,1369.49,2382.08,0.0,2320.5,0,0
2023-11-24,532.83,3049.88,1303.69,196.46,1337.26,2216.63,1356.44,1337.6,1,0
2023-11-25,84.37,4198.65,1256.84,195.25,1211.36,1009.83,995.88,1169.85,0,0
2023-11-26,914.9,1256.33,1269.56,176.64,1058.93,818.03,804.51,1319.6,0,0
2023-11-27,740.65,2848.52,1108.73,130.48,1466.56,1643.14,2081.75,1053.14,0,0
2023-11-28,468.43,3092.57,1244.13,135.57,1307.77,888.52,949.34,1007.73,0,0
2023-11-29,891.29,938.93,1177.27,110.13,1246.02,303.39,1334.36,1230.57,0,0
2023-11-30,132.6,2442.19,1077.82,165.66,1113.05,1048.86,818.28,1642.51,0,0
2023-12-01,190.36,4059.6,1054.35,143.86,1419.68,488.4,948.97,1650.94,0,0
2023-12-02,365.64,4353.87,1099.23,118.96,1020.13,1046.91,1885.42,2351.5,0,0
2023-12-03,168.71,1002.97,1239.65,166.52,1132.9,1110.63,1420.3,2199.73,0,0
2023-12-04,717.18,1631.19,1382.2,188.18,1250.93,2316.55,2123.35,1583.27,0,0
2023-12-05,118.64,548.32,1010.58,115.55,1250.0,1941.72,667.61,2017.47,0,0
2023-12-06,348.72,4882.43,1368.72,143.43,1144.73,1266.23,1926.16,1371.62,0,0
2023-12-07,160.97,2561.09,1124.73,176.67,1432.08,2486.22,693.65,2230.91,0,0
2023-12-08,206.43,3535.24,1404.98,170.11,1251.17,534.85,2482.12,1886.79,0,0
2023-12-09,638.13,1154.63,1066.15,103.84,1495.2,2329.84,1123.13,1924.7,0,0
2023-12-10,100.03,264.27,1203.65,130.64,1316.65,655.43,906.83,1718.79,0,0
2023-12-11,514.77,3222.93,1152.14,126.92,1140.28,942.46,1103.38,1479.76,0,0
2023-12-12,57.08,214.04,1026.07,174.48,1105.99,1232.94,2280.36,1151.14,0,0
2023-12-13,192.99,4742.16,1181.79,130.44,1048.44,132.79,1424.24,2292.96,0,0
2023-12-14,337.9,3709.05,1180.69,177.88,1264.43,991.82,1660.6,1315.05,0,0
2023-12-15,0.0,4437.1,1065.24,174.26,1060.18,1507.75,2289.22,1981.53,0,0
2023-12-16,0.0,3526.25,1462.75,107.49,1273.29,922.96,1840.84,2484.47,0,0
2023-12-17,0.0,3606.64,1021.91,119.17,1275.25,706.06,2204.98,2280.16,0,0
2023-12-18,0.0,4875.88,1447.46,144.85,1358.66,2286.04,262.5,1628.51,0,0
2023-12-19,0.0,2524.31,1010.94,159.92,1348.35,409.44,209.07,1849.26,0,0
2023-12-20,0.0,3472.08,1370.36,139.75,1342.35,2188.61,2431.69,1248.28,0,0
2023-12-21,0.0,1926.91,1389.69,140.08,1135.75,541.76,484.01,1326.71,0,0
2023-12-22,0.0,4396.98,1395.32,145.54,1353.88,1360.18,828.18,1330.5,0,0
2023-12-23,0.0,2765.23,1085.55,104.56,1119.11,193.82,455.53,2325.4,0,0
2023-12-24,0.0,1359.47,1395.31,164.24,1124.5,2076.18,1383.03,1002.1,0,0
2023-12-25,353.99,3029.75,1184.56,108.32,1352.73,1418.26,1832.99,1612.51,0,0
2023-12-26,615.37,1629.93,1028.63,181.59,1411.97,626.27,2416.55,1265.1,0,0
2023-12-27,971.89,2691.57,1489.38,177.82,1390.26,355.46,1889.85,1572.97,0,0
2023-12-28,657.29,4351.43,1317.15,155.09,1408.42,629.53,745.1,1872.5,0,0
2023-12-29,809.66,3766.96,1077.82,123.17,1363.14,984.74,2265.2,1140.54,0,0
2023-12-30,189.7,933.29,1431.18,118.89,1245.26,1850.75,1654.15,1031.57,0,0
2023-12-31,171.29,896.89,1197.1,160.78,1034.73,272.92,688.61,2363.7,0,0
